This is LuaHBTeX, Version 1.21.0 (TeX Live 2025)  (format=lualatex 2025.4.28)  4 JUL 2025 13:35
 restricted system commands enabled.
 file:line:error style messages enabled.
**snargs-book-zh.tex
(./snargs-book-zh.tex
LaTeX2e <2024-11-01> patch level 2
L3 programming layer <2025-01-18>
Lua module: luaotfload 2024-12-03 v3.29 Lua based OpenType font support
Lua module: lualibs 2023-07-13 v2.76 ConTeXt Lua standard libraries.
Lua module: lualibs-extended 2023-07-13 v2.76 ConTeXt Lua libraries -- extended collection.
luaotfload | conf : Root cache directory is "/Users/kurtpan/Library/texlive/2025/texmf-var/luatex-cache/generic/names".
luaotfload | init : Loading fontloader "fontloader-2023-12-28.lua" from kpse-resolved path "/usr/local/texlive/2025/texmf-dist/tex/luatex/luaotfload/fontloader-2023-12-28.lua".
Lua-only attribute luaotfload@noligature = 1
luaotfload | init : Context OpenType loader version 3.134
Inserting `luaotfload.node_processor' in `pre_linebreak_filter'.
Inserting `luaotfload.node_processor' in `hpack_filter'.
Inserting `luaotfload.glyph_stream' in `glyph_stream_provider'.
Inserting `luaotfload.define_font' in `define_font'.
Lua-only attribute luaotfload_color_attribute = 2
luaotfload | conf : Root cache directory is "/Users/kurtpan/Library/texlive/2025/texmf-var/luatex-cache/generic/names".
Inserting `luaotfload.harf.strip_prefix' in `find_opentype_file'.
Inserting `luaotfload.harf.strip_prefix' in `find_truetype_file'.
Removing  `luaotfload.glyph_stream' from `glyph_stream_provider'.
Inserting `luaotfload.harf.glyphstream' in `glyph_stream_provider'.
Inserting `luaotfload.harf.finalize_vlist' in `post_linebreak_filter'.
Inserting `luaotfload.harf.finalize_hlist' in `hpack_filter'.
Inserting `luaotfload.cleanup_files' in `wrapup_run'.
Inserting `luaotfload.harf.finalize_unicode' in `finish_pdffile'.
Inserting `luaotfload.glyphinfo' in `glyph_info'.
Lua-only attribute luaotfload.letterspace_done = 3
Inserting `luaotfload.aux.set_sscale_dimens' in `luaotfload.patch_font'.
Inserting `luaotfload.aux.set_font_index' in `luaotfload.patch_font'.
Inserting `luaotfload.aux.patch_cambria_domh' in `luaotfload.patch_font'.
Inserting `luaotfload.aux.fixup_fontdata' in `luaotfload.patch_font_unsafe'.
Inserting `luaotfload.aux.set_capheight' in `luaotfload.patch_font'.
Inserting `luaotfload.aux.set_xheight' in `luaotfload.patch_font'.
Inserting `luaotfload.rewrite_fontname' in `luaotfload.patch_font'.
Inserting `tracingstacklevels' in `input_level_string'. (./snargs-book-zh.cls
Document Class: snargs-book-zh 2024/05/24 LuaTeX Snargs Book Class for Chinese
(/usr/local/texlive/2025/texmf-dist/tex/latex/base/ifthen.sty
Package: ifthen 2024/03/16 v1.1e Standard LaTeX ifthen package (DPC)
) (/usr/local/texlive/2025/texmf-dist/tex/latex/koma-script/scrbook.cls
Document Class: scrbook 2024/10/24 v3.43 KOMA-Script document class (book)
(/usr/local/texlive/2025/texmf-dist/tex/latex/koma-script/scrkbase.sty
Package: scrkbase 2024/10/24 v3.43 KOMA-Script package (KOMA-Script-dependent basics and keyval usage)
 (/usr/local/texlive/2025/texmf-dist/tex/latex/koma-script/scrbase.sty
Package: scrbase 2024/10/24 v3.43 KOMA-Script package (KOMA-Script-independent basics and keyval usage)
 (/usr/local/texlive/2025/texmf-dist/tex/latex/koma-script/scrlfile.sty
Package: scrlfile 2024/10/24 v3.43 KOMA-Script package (file load hooks)
 (/usr/local/texlive/2025/texmf-dist/tex/latex/koma-script/scrlfile-hook.sty
Package: scrlfile-hook 2024/10/24 v3.43 KOMA-Script package (using LaTeX hooks)
 (/usr/local/texlive/2025/texmf-dist/tex/latex/koma-script/scrlogo.sty
Package: scrlogo 2024/10/24 v3.43 KOMA-Script package (logo)
))) (/usr/local/texlive/2025/texmf-dist/tex/latex/graphics/keyval.sty
Package: keyval 2022/05/29 v1.15 key=value parser (DPC)
\KV@toks@=\toks17
)
Applying: [2021/05/01] Usage of raw or classic option list on input line 254.
Already applied: [0000/00/00] Usage of raw or classic option list on input line 370.
)) (/usr/local/texlive/2025/texmf-dist/tex/latex/koma-script/tocbasic.sty
Package: tocbasic 2024/10/24 v3.43 KOMA-Script package (handling toc-files)
\scr@dte@tocline@numberwidth=\skip49
\scr@dte@tocline@numbox=\box52
)
Package tocbasic Info: omitting babel extension for `toc'
(tocbasic)             because of feature `nobabel' available
(tocbasic)             for `toc' on input line 137.
Class scrbook Info: File `scrsize11pt.clo' used to setup font sizes on input line 2716.
 (/usr/local/texlive/2025/texmf-dist/tex/latex/koma-script/scrsize11pt.clo
File: scrsize11pt.clo 2024/10/24 v3.43 KOMA-Script font size class option (11pt)
luaotfload | db : Font names database loaded from /Users/kurtpan/Library/texlive/2025/texmf-var/luatex-cache/generic/names/luaotfload-names.luc.gz) (/usr/local/texlive/2025/texmf-dist/tex/latex/koma-script/typearea.sty
Package: typearea 2024/10/24 v3.43 KOMA-Script package (type area)
\ta@bcor=\skip50
\ta@div=\count194
\ta@hblk=\skip51
\ta@vblk=\skip52
\ta@temp=\skip53
\footheight=\skip54
Package typearea Info: These are the values describing the layout:
(typearea)             DIV  = 10
(typearea)             BCOR = 0.0pt
(typearea)             \paperwidth      = 597.50793pt
(typearea)              \textwidth      = 418.25555pt
(typearea)              DIV departure   = -6%
(typearea)              \evensidemargin = 47.2316pt
(typearea)              \oddsidemargin  = -12.5192pt
(typearea)             \paperheight     = 845.04694pt
(typearea)              \textheight     = 595.80026pt
(typearea)              \topmargin      = -25.16531pt
(typearea)              \headheight     = 17.0pt
(typearea)              \headsep        = 20.40001pt
(typearea)              \topskip        = 11.0pt
(typearea)              \footskip       = 47.6pt
(typearea)              \baselineskip   = 13.6pt
(typearea)              on input line 1802.
)
\c@part=\count195
\c@chapter=\count196
\c@section=\count197
\c@subsection=\count198
\c@subsubsection=\count199
\c@paragraph=\count266
\c@subparagraph=\count267
\scr@dte@chapter@maxnumwidth=\skip55
Class scrbook Info: using compatibility default `afterindent=bysign'
(scrbook)           for `\chapter on input line 6016.
\scr@dte@section@maxnumwidth=\skip56
Class scrbook Info: using compatibility default `runin=bysign'
(scrbook)           for `\section on input line 6027.
Class scrbook Info: using compatibility default `afterindent=bysign'
(scrbook)           for `\section on input line 6027.
\scr@dte@part@maxnumwidth=\skip57
Class scrbook Info: using compatibility default `afterindent=true'
(scrbook)           for `\part on input line 6036.
\scr@dte@subsection@maxnumwidth=\skip58
Class scrbook Info: using compatibility default `runin=bysign'
(scrbook)           for `\subsection on input line 6046.
Class scrbook Info: using compatibility default `afterindent=bysign'
(scrbook)           for `\subsection on input line 6046.
\scr@dte@subsubsection@maxnumwidth=\skip59
Class scrbook Info: using compatibility default `runin=bysign'
(scrbook)           for `\subsubsection on input line 6056.
Class scrbook Info: using compatibility default `afterindent=bysign'
(scrbook)           for `\subsubsection on input line 6056.
\scr@dte@paragraph@maxnumwidth=\skip60
Class scrbook Info: using compatibility default `runin=bysign'
(scrbook)           for `\paragraph on input line 6067.
Class scrbook Info: using compatibility default `afterindent=bysign'
(scrbook)           for `\paragraph on input line 6067.
\scr@dte@subparagraph@maxnumwidth=\skip61
Class scrbook Info: using compatibility default `runin=bysign'
(scrbook)           for `\subparagraph on input line 6077.
Class scrbook Info: using compatibility default `afterindent=bysign'
(scrbook)           for `\subparagraph on input line 6077.
\abovecaptionskip=\skip62
\belowcaptionskip=\skip63
\c@pti@nb@sid@b@x=\box53
Package tocbasic Info: omitting babel extension for `lof'
(tocbasic)             because of feature `nobabel' available
(tocbasic)             for `lof' on input line 7271.
\scr@dte@figure@maxnumwidth=\skip64
\c@figure=\count268
Package tocbasic Info: omitting babel extension for `lot'
(tocbasic)             because of feature `nobabel' available
(tocbasic)             for `lot' on input line 7288.
\scr@dte@table@maxnumwidth=\skip65
\c@table=\count269
Class scrbook Info: Redefining `\numberline' on input line 7459.
\bibindent=\dimen140
) (/usr/local/texlive/2025/texmf-dist/tex/latex/geometry/geometry.sty
Package: geometry 2020/01/02 v5.9 Page Geometry
 (/usr/local/texlive/2025/texmf-dist/tex/generic/iftex/ifvtex.sty
Package: ifvtex 2019/10/25 v1.7 ifvtex legacy package. Use iftex instead.
 (/usr/local/texlive/2025/texmf-dist/tex/generic/iftex/iftex.sty
Package: iftex 2024/12/12 v1.0g TeX engine tests
))
\Gm@cnth=\count270
\Gm@cntv=\count271
\c@Gm@tempcnt=\count272
\Gm@bindingoffset=\dimen141
\Gm@wd@mp=\dimen142
\Gm@odd@mp=\dimen143
\Gm@even@mp=\dimen144
\Gm@layoutwidth=\dimen145
\Gm@layoutheight=\dimen146
\Gm@layouthoffset=\dimen147
\Gm@layoutvoffset=\dimen148
\Gm@dimlist=\toks18
) (/usr/local/texlive/2025/texmf-dist/tex/generic/babel/babel.sty
Package: babel 2025/02/14 v25.4 The multilingual framework for pdfLaTeX, LuaLaTeX and XeLaTeX
 (/usr/local/texlive/2025/texmf-dist/tex/generic/babel/luababel.def
\bbl@readstream=\read2
\l@dumylang=\language2
Package babel Info: Non-standard hyphenation setup on input line 118.
\l@nohyphenation=\language3
\l@german-x-2024-02-28=\language4
\l@ngerman-x-2024-02-28=\language5
\l@afrikaans=\language6
\l@albanian=\language7
\l@ancientgreek=\language8
\l@ibycus=\language9
\l@arabic=\language10
\l@armenian=\language11
\l@basque=\language12
\l@belarusian=\language13
\l@bulgarian=\language14
\l@catalan=\language15
\l@pinyin=\language16
\l@churchslavonic=\language17
\l@coptic=\language18
\l@croatian=\language19
\l@czech=\language20
\l@danish=\language21
\l@dutch=\language22
\l@ukenglish=\language23
\l@usenglishmax=\language24
\l@esperanto=\language25
\l@estonian=\language26
\l@ethiopic=\language27
\l@farsi=\language28
\l@finnish=\language29
\l@schoolfinnish=\language30
\l@french=\language31
\l@friulan=\language32
\l@galician=\language33
\l@georgian=\language34
\l@german=\language35
\l@ngerman=\language36
\l@swissgerman=\language37
\l@greek=\language38
\l@monogreek=\language39
\l@hebrew=\language40
\l@hungarian=\language41
\l@icelandic=\language42
\l@assamese=\language43
\l@bengali=\language44
\l@gujarati=\language45
\l@hindi=\language46
\l@kannada=\language47
\l@malayalam=\language48
\l@marathi=\language49
\l@oriya=\language50
\l@pali=\language51
\l@panjabi=\language52
\l@tamil=\language53
\l@telugu=\language54
\l@indonesian=\language55
\l@interlingua=\language56
\l@irish=\language57
\l@italian=\language58
\l@kurmanji=\language59
\l@classiclatin=\language60
\l@latin=\language61
\l@liturgicallatin=\language62
\l@latvian=\language63
\l@lithuanian=\language64
\l@macedonian=\language65
\l@mongolian=\language66
\l@mongolianlmc=\language67
\l@bokmal=\language68
\l@nynorsk=\language69
\l@occitan=\language70
\l@piedmontese=\language71
\l@polish=\language72
\l@portuguese=\language73
\l@romanian=\language74
\l@romansh=\language75
\l@russian=\language76
\l@sanskrit=\language77
\l@serbian=\language78
\l@serbianc=\language79
\l@slovak=\language80
\l@slovenian=\language81
\l@spanish=\language82
\l@swedish=\language83
\l@thai=\language84
\l@turkish=\language85
\l@turkmen=\language86
\l@ukrainian=\language87
\l@uppersorbian=\language88
\l@vietnamese=\language89
\l@welsh=\language90
\babelcatcodetablenum=\catcodetable14
\bbl@pattcodes=\catcodetable15
)
\babel@savecnt=\count273
\U@D=\dimen149
\l@unhyphenated=\language91
 (/usr/local/texlive/2025/texmf-dist/tex/generic/babel/luababel.def
\bbl@attr@locale=\attribute4
) (/usr/local/texlive/2025/texmf-dist/tex/generic/babel-english/american.ldf
Language: american 2017/06/06 v3.3r English support from the babel system
 (/usr/local/texlive/2025/texmf-dist/tex/generic/babel-english/english.ldf
Language: english 2017/06/06 v3.3r English support from the babel system
Package babel Info: Hyphen rules for 'canadian' set to \l@english
(babel)             (\language0). Reported on input line 102.
Package babel Info: Hyphen rules for 'australian' set to \l@ukenglish
(babel)             (\language23). Reported on input line 105.
Package babel Info: Hyphen rules for 'newzealand' set to \l@ukenglish
(babel)             (\language23). Reported on input line 108.
))) (/usr/local/texlive/2025/texmf-dist/tex/generic/babel/locale/en/babel-american.tex
Package babel Info: Importing font and identification data for american
(babel)             from babel-en-US.ini. Reported on input line 11.
) (/usr/local/texlive/2025/texmf-dist/tex/latex/caption/caption.sty
Package: caption 2023/08/05 v3.6o Customizing captions (AR)
 (/usr/local/texlive/2025/texmf-dist/tex/latex/caption/caption3.sty
Package: caption3 2023/07/31 v2.4d caption3 kernel (AR)
\caption@tempdima=\dimen150
\captionmargin=\dimen151
\caption@leftmargin=\dimen152
\caption@rightmargin=\dimen153
\caption@width=\dimen154
\caption@indent=\dimen155
\caption@parindent=\dimen156
\caption@hangindent=\dimen157
Package caption Info: KOMA-Script document class detected.
 (/usr/local/texlive/2025/texmf-dist/tex/latex/caption/caption-koma.sto
File: caption-koma.sto 2023/09/08 v2.0e Adaption of the caption package to the KOMA-Script document classes (AR)
))
\c@caption@flags=\count274
\c@continuedfloat=\count275
Package caption Info: KOMA-Script scrextend package detected.
\caption@addmargin@hsize=\dimen158
\caption@addmargin@linewidth=\dimen159
) (/usr/local/texlive/2025/texmf-dist/tex/latex/caption/subcaption.sty
Package: subcaption 2023/07/28 v1.6b Sub-captions (AR)
Package caption Info: New subtype `subfigure' on input line 238.
\c@subfigure=\count276
Package caption Info: New subtype `subtable' on input line 238.
\c@subtable=\count277
) (/usr/local/texlive/2025/texmf-dist/tex/latex/tools/array.sty
Package: array 2024/10/17 v2.6g Tabular extension package (FMi)
\col@sep=\dimen160
\ar@mcellbox=\box54
\extrarowheight=\dimen161
\NC@list=\toks19
\extratabsurround=\skip66
\backup@length=\skip67
\ar@cellbox=\box55
) (/usr/local/texlive/2025/texmf-dist/tex/latex/microtype/microtype.sty
Package: microtype 2025/02/11 v3.2a Micro-typographical refinements (RS)
 (/usr/local/texlive/2025/texmf-dist/tex/latex/etoolbox/etoolbox.sty
Package: etoolbox 2025/02/11 v2.5l e-TeX tools for LaTeX (JAW)
\etb@tempcnta=\count278
)
\MT@toks=\toks20
\MT@tempbox=\box56
\MT@count=\count279
LaTeX Info: Redefining \noprotrusionifhmode on input line 1087.
LaTeX Info: Redefining \leftprotrusion on input line 1088.
\MT@prot@toks=\toks21
LaTeX Info: Redefining \rightprotrusion on input line 1107.
LaTeX Info: Redefining \textls on input line 1449.
\MT@outer@kern=\dimen162
LaTeX Info: Redefining \microtypecontext on input line 2053.
LaTeX Info: Redefining \textmicrotypecontext on input line 2070.
\MT@listname@count=\count280
 (/usr/local/texlive/2025/texmf-dist/tex/latex/microtype/microtype-luatex.def
File: microtype-luatex.def 2025/02/11 v3.2a Definitions specific to luatex (RS)
Lua module: microtype 2025/02/11 v3.2a microtype module.
Module microtype Info: overwriting function `keepligature' on input line 63
LaTeX Info: Redefining \lsstyle on input line 779.
LaTeX Info: Redefining \lslig on input line 779.
\MT@outer@space=\skip68
)
Package microtype Info: Loading configuration file microtype.cfg.
 (/usr/local/texlive/2025/texmf-dist/tex/latex/microtype/microtype.cfg
File: microtype.cfg 2025/02/11 v3.2a microtype main configuration file (RS)
)
LaTeX Info: Redefining \microtypesetup on input line 3065.
) (/usr/local/texlive/2025/texmf-dist/tex/latex/amsfonts/amssymb.sty
Package: amssymb 2013/01/14 v3.01 AMS font symbols

(/usr/local/texlive/2025/texmf-dist/tex/latex/amsfonts/amsfonts.sty
Package: amsfonts 2013/01/14 v3.01 Basic AMSFonts support
\@emptytoks=\toks22
\symAMSa=\mathgroup4
\symAMSb=\mathgroup5
LaTeX Font Info:    Redeclaring math symbol \hbar on input line 98.
LaTeX Font Info:    Overwriting math alphabet `\mathfrak' in version `bold'
(Font)                  U/euf/m/n --> U/euf/b/n on input line 106.
)) (/usr/local/texlive/2025/texmf-dist/tex/latex/amsmath/amsmath.sty
Package: amsmath 2024/11/05 v2.17t AMS math features
\@mathmargin=\skip69

For additional information on amsmath, use the `?' option.
(/usr/local/texlive/2025/texmf-dist/tex/latex/amsmath/amstext.sty
Package: amstext 2021/08/26 v2.01 AMS text
 (/usr/local/texlive/2025/texmf-dist/tex/latex/amsmath/amsgen.sty
File: amsgen.sty 1999/11/30 v2.0 generic functions
\@emptytoks=\toks23
\ex@=\dimen163
)) (/usr/local/texlive/2025/texmf-dist/tex/latex/amsmath/amsbsy.sty
Package: amsbsy 1999/11/29 v1.2d Bold Symbols
\pmbraise@=\dimen164
) (/usr/local/texlive/2025/texmf-dist/tex/latex/amsmath/amsopn.sty
Package: amsopn 2022/04/08 v2.04 operator names
)
\inf@bad=\count281
LaTeX Info: Redefining \frac on input line 235.
\uproot@=\count282
\leftroot@=\count283
LaTeX Info: Redefining \overline on input line 398.
LaTeX Info: Redefining \colon on input line 409.
\classnum@=\count284
\DOTSCASE@=\count285
LaTeX Info: Redefining \ldots on input line 495.
LaTeX Info: Redefining \dots on input line 498.
LaTeX Info: Redefining \cdots on input line 619.
\Mathstrutbox@=\box57
\strutbox@=\box58
LaTeX Info: Redefining \big on input line 721.
LaTeX Info: Redefining \Big on input line 722.
LaTeX Info: Redefining \bigg on input line 723.
LaTeX Info: Redefining \Bigg on input line 724.
\big@size=\dimen165
LaTeX Font Info:    Redeclaring font encoding OML on input line 742.
LaTeX Font Info:    Redeclaring font encoding OMS on input line 743.
\macc@depth=\count286
LaTeX Info: Redefining \bmod on input line 904.
LaTeX Info: Redefining \pmod on input line 909.
LaTeX Info: Redefining \smash on input line 939.
LaTeX Info: Redefining \relbar on input line 969.
LaTeX Info: Redefining \Relbar on input line 970.
\c@MaxMatrixCols=\count287
\dotsspace@=\muskip17
\c@parentequation=\count288
\dspbrk@lvl=\count289
\tag@help=\toks24
\row@=\count290
\column@=\count291
\maxfields@=\count292
\andhelp@=\toks25
\eqnshift@=\dimen166
\alignsep@=\dimen167
\tagshift@=\dimen168
\tagwidth@=\dimen169
\totwidth@=\dimen170
\lineht@=\dimen171
\@envbody=\toks26
\multlinegap=\skip70
\multlinetaggap=\skip71
\mathdisplay@stack=\toks27
LaTeX Info: Redefining \[ on input line 2953.
LaTeX Info: Redefining \] on input line 2954.
) (/usr/local/texlive/2025/texmf-dist/tex/latex/amscls/amsthm.sty
Package: amsthm 2020/05/29 v2.20.6
\thm@style=\toks28
\thm@bodyfont=\toks29
\thm@headfont=\toks30
\thm@notefont=\toks31
\thm@headpunct=\toks32
\thm@preskip=\skip72
\thm@postskip=\skip73
\thm@headsep=\skip74
\dth@everypar=\toks33
) (/usr/local/texlive/2025/texmf-dist/tex/latex/xpatch/xpatch.sty (/usr/local/texlive/2025/texmf-dist/tex/latex/l3kernel/expl3.sty
Package: expl3 2025-01-18 L3 programming layer (loader) 
 (/usr/local/texlive/2025/texmf-dist/tex/latex/l3backend/l3backend-luatex.def
File: l3backend-luatex.def 2024-05-08 L3 backend support: PDF output (LuaTeX)
\l__color_backend_stack_int=\count293
Inserting `l3color' in `luaotfload.parse_color'.
\l__pdf_internal_box=\box59
))
Package: xpatch 2020/03/25 v0.3a Extending etoolbox patching commands
 (/usr/local/texlive/2025/texmf-dist/tex/latex/l3packages/xparse/xparse.sty
Package: xparse 2024-08-16 L3 Experimental document command parser
))
Class scrbook Info: amsthm's \deferred@thm@head patched.
 (/usr/local/texlive/2025/texmf-dist/tex/latex/mathtools/mathtools.sty
Package: mathtools 2024/10/04 v1.31 mathematical typesetting tools
 (/usr/local/texlive/2025/texmf-dist/tex/latex/tools/calc.sty
Package: calc 2023/07/08 v4.3 Infix arithmetic (KKT,FJ)
\calc@Acount=\count294
\calc@Bcount=\count295
\calc@Adimen=\dimen172
\calc@Bdimen=\dimen173
\calc@Askip=\skip75
\calc@Bskip=\skip76
LaTeX Info: Redefining \setlength on input line 80.
LaTeX Info: Redefining \addtolength on input line 81.
\calc@Ccount=\count296
\calc@Cskip=\skip77
) (/usr/local/texlive/2025/texmf-dist/tex/latex/mathtools/mhsetup.sty
Package: mhsetup 2021/03/18 v1.4 programming setup (MH)
)
\g_MT_multlinerow_int=\count297
\l_MT_multwidth_dim=\dimen174
\origjot=\skip78
\l_MT_shortvdotswithinadjustabove_dim=\dimen175
\l_MT_shortvdotswithinadjustbelow_dim=\dimen176
\l_MT_above_intertext_sep=\dimen177
\l_MT_below_intertext_sep=\dimen178
\l_MT_above_shortintertext_sep=\dimen179
\l_MT_below_shortintertext_sep=\dimen180
\xmathstrut@box=\box60
\xmathstrut@dim=\dimen181
) (/usr/local/texlive/2025/texmf-dist/tex/latex/extpfeil/extpfeil.sty
Package: extpfeil 2009/10/31 v0.4 Extensible Pfeile (PE)
 (/usr/local/texlive/2025/texmf-dist/tex/latex/stmaryrd/stmaryrd.sty
Package: stmaryrd 1994/03/03 St Mary's Road symbol package
\symstmry=\mathgroup6
LaTeX Font Info:    Overwriting symbol font `stmry' in version `bold'
(Font)                  U/stmry/m/n --> U/stmry/b/n on input line 89.
)) (/usr/local/texlive/2025/texmf-dist/tex/latex/graphics/graphicx.sty
Package: graphicx 2021/09/16 v1.2d Enhanced LaTeX Graphics (DPC,SPQR)
 (/usr/local/texlive/2025/texmf-dist/tex/latex/graphics/graphics.sty
Package: graphics 2024/08/06 v1.4g Standard LaTeX Graphics (DPC,SPQR)
 (/usr/local/texlive/2025/texmf-dist/tex/latex/graphics/trig.sty
Package: trig 2023/12/02 v1.11 sin cos tan (DPC)
) (/usr/local/texlive/2025/texmf-dist/tex/latex/graphics-cfg/graphics.cfg
File: graphics.cfg 2016/06/04 v1.11 sample graphics configuration
)
Package graphics Info: Driver file: luatex.def on input line 106.
 (/usr/local/texlive/2025/texmf-dist/tex/latex/graphics-def/luatex.def
File: luatex.def 2024/04/13 v1.2e Graphics/color driver for luatex
))
\Gin@req@height=\dimen182
\Gin@req@width=\dimen183
) (/usr/local/texlive/2025/texmf-dist/tex/latex/braket/braket.sty) (/usr/local/texlive/2025/texmf-dist/tex/latex/tools/bm.sty
Package: bm 2023/12/19 v1.2f Bold Symbol Support (DPC/FMi)
\symboldoperators=\mathgroup7
\symboldletters=\mathgroup8
\symboldsymbols=\mathgroup9
Package bm Info: No bold for \OMX/cmex/m/n, using \pmb.
Package bm Info: No bold for \U/msa/m/n, using \pmb.
Package bm Info: No bold for \U/msb/m/n, using \pmb.
\symboldstmry=\mathgroup10
LaTeX Font Info:    Redeclaring math alphabet \mathbf on input line 149.
) (/usr/local/texlive/2025/texmf-dist/tex/latex/bbm-macros/bbm.sty
Package: bbm 1999/03/15 V 1.2 provides fonts for set symbols - TH
LaTeX Font Info:    Overwriting math alphabet `\mathbbm' in version `bold'
(Font)                  U/bbm/m/n --> U/bbm/bx/n on input line 33.
LaTeX Font Info:    Overwriting math alphabet `\mathbbmss' in version `bold'
(Font)                  U/bbmss/m/n --> U/bbmss/bx/n on input line 35.
) (/usr/local/texlive/2025/texmf-dist/tex/latex/tools/xspace.sty
Package: xspace 2014/10/28 v1.13 Space after command names (DPC,MH)
) (/usr/local/texlive/2025/texmf-dist/tex/latex/float/float.sty
Package: float 2001/11/08 v1.3d Float enhancements (AL)
\c@float@type=\count298
\float@exts=\toks34
\float@box=\box61
\@float@everytoks=\toks35
\@floatcapt=\box62
) (/usr/local/texlive/2025/texmf-dist/tex/latex/multirow/multirow.sty
Package: multirow 2024/11/12 v2.9 Span multiple rows of a table
\multirow@colwidth=\skip79
\multirow@cntb=\count299
\multirow@dima=\skip80
\bigstrutjot=\dimen184
) (/usr/local/texlive/2025/texmf-dist/tex/latex/jknapltx/mathrsfs.sty
Package: mathrsfs 1996/01/01 Math RSFS package v1.0 (jk)
\symrsfs=\mathgroup11
) (/usr/local/texlive/2025/texmf-dist/tex/latex/adjustbox/adjustbox.sty
Package: adjustbox 2025/02/26 v1.3c Adjusting TeX boxes (trim, clip, ...)
 (/usr/local/texlive/2025/texmf-dist/tex/latex/xkeyval/xkeyval.sty
Package: xkeyval 2022/06/16 v2.9 package option processing (HA)
 (/usr/local/texlive/2025/texmf-dist/tex/generic/xkeyval/xkeyval.tex (/usr/local/texlive/2025/texmf-dist/tex/generic/xkeyval/xkvutils.tex
\XKV@toks=\toks36
\XKV@tempa@toks=\toks37
)
\XKV@depth=\count300
File: xkeyval.tex 2014/12/03 v2.7a key=value parser (HA)
))
(/usr/local/texlive/2025/texmf-dist/tex/latex/adjustbox/adjcalc.sty
Package: adjcalc 2012/05/16 v1.1 Provides advanced setlength with multiple back-ends (calc, etex, pgfmath)
) (/usr/local/texlive/2025/texmf-dist/tex/latex/adjustbox/trimclip.sty
Package: trimclip 2025/02/21 v1.2a Trim and clip general TeX material
 (/usr/local/texlive/2025/texmf-dist/tex/latex/collectbox/collectbox.sty
Package: collectbox 2022/10/17 v0.4c Collect macro arguments as boxes
\collectedbox=\box63
)
\tc@llx=\dimen185
\tc@lly=\dimen186
\tc@urx=\dimen187
\tc@ury=\dimen188
Package trimclip Info: Using driver 'tc-luatex.def'.
 (/usr/local/texlive/2025/texmf-dist/tex/latex/adjustbox/tc-luatex.def
File: tc-luatex.def 2025/02/26 v1.1 Clipping driver for luatex
 (/usr/local/texlive/2025/texmf-dist/tex/latex/adjustbox/tc-pdftex.def
File: tc-pdftex.def 2025/02/26 v2.3 Clipping driver for pdftex
)))
\adjbox@Width=\dimen189
\adjbox@Height=\dimen190
\adjbox@Depth=\dimen191
\adjbox@Totalheight=\dimen192
\adjbox@pwidth=\dimen193
\adjbox@pheight=\dimen194
\adjbox@pdepth=\dimen195
\adjbox@ptotalheight=\dimen196
 (/usr/local/texlive/2025/texmf-dist/tex/latex/ifoddpage/ifoddpage.sty
Package: ifoddpage 2022/10/18 v1.2 Conditionals for odd/even page detection
\c@checkoddpage=\count301
) (/usr/local/texlive/2025/texmf-dist/tex/latex/varwidth/varwidth.sty
Package: varwidth 2009/03/30 ver 0.92;  Variable-width minipages
\@vwid@box=\box64
\sift@deathcycles=\count302
\@vwid@loff=\dimen197
\@vwid@roff=\dimen198
)) (/usr/local/texlive/2025/texmf-dist/tex/latex/breakcites/breakcites.sty) (/usr/local/texlive/2025/texmf-dist/tex/latex/booktabs/booktabs.sty
Package: booktabs 2020/01/12 v1.61803398 Publication quality tables
\heavyrulewidth=\dimen199
\lightrulewidth=\dimen256
\cmidrulewidth=\dimen257
\belowrulesep=\dimen258
\belowbottomsep=\dimen259
\aboverulesep=\dimen260
\abovetopsep=\dimen261
\cmidrulesep=\dimen262
\cmidrulekern=\dimen263
\defaultaddspace=\dimen264
\@cmidla=\count303
\@cmidlb=\count304
\@aboverulesep=\dimen265
\@belowrulesep=\dimen266
\@thisruleclass=\count305
\@lastruleclass=\count306
\@thisrulewidth=\dimen267
) (/usr/local/texlive/2025/texmf-dist/tex/latex/tools/verbatim.sty
Package: verbatim 2024-01-22 v1.5x LaTeX2e package for verbatim enhancements
\every@verbatim=\toks38
\verbatim@line=\toks39
\verbatim@in@stream=\read3
) (/usr/local/texlive/2025/texmf-dist/tex/latex/verbatimbox/verbatimbox.sty
Package: verbatimbox 2023/08/08 v3.2\ Routines for placing verbatim text into boxes, useful in places where the verbatim environment is inaccessible. Secondarily, for adding vertical buffer around an object.
 (/usr/local/texlive/2025/texmf-dist/tex/latex/readarray/readarray.sty
Package: readarray 2021/09/17\ 3.1\ Routines for inputting 2D and 3D array data and recalling it on an element-by-element basis.
 (/usr/local/texlive/2025/texmf-dist/tex/latex/forloop/forloop.sty
Package: forloop 2023/05/03 v3.0 For Loops for LaTeX
) (/usr/local/texlive/2025/texmf-dist/tex/generic/listofitems/listofitems.sty (/usr/local/texlive/2025/texmf-dist/tex/generic/listofitems/listofitems.tex
\loi_cnt_foreach_nest=\count307
\loi_nestcnt=\count308
)
Package: listofitems 2024/03/09 v1.65 Grab items in lists using user-specified sep char (CT)
)
\c@@index=\count309
\c@@plane=\count310
\c@@row=\count311
\c@@col=\count312
\c@use@args=\count313
\c@@record=\count314
\c@index@count=\count315
\Arg@toks=\toks40
\@arrayident@toks=\toks41
\rdar@file=\read4
\readarrayendlinechar=\count316

readarray: bounds checking OFF
)
\savedverbbox=\box65
\c@VerbboxLineNo=\count317
\boxtopsep=\dimen268
\boxbottomsep=\dimen269
\ps@tempdima=\dimen270
\ps@tempboxa=\box66
\boxtop@sep=\skip81
\boxbottom@sep=\skip82
) (/usr/local/texlive/2025/texmf-dist/tex/latex/xfrac/xfrac.sty
Package: xfrac 2024-06-04 Split-level fractions
\l__xfrac_slash_box=\box67
\l__xfrac_tmp_box=\box68
\l__xfrac_denominator_bot_sep_dim=\dimen271
\l__xfrac_numerator_bot_sep_dim=\dimen272
\l__xfrac_numerator_top_sep_dim=\dimen273
\l__xfrac_slash_left_sep_dim=\dimen274
\l__xfrac_slash_right_sep_dim=\dimen275
\l__xfrac_slash_left_muskip=\muskip18
\l__xfrac_slash_right_muskip=\muskip19

LaTeX template Info: Declaring template type 'xfrac' taking 3 argument(s) on
(template)           line 100.


LaTeX template Info: Declaring instance 'cmr' of type xfrac on line 392.


LaTeX template Info: Declaring instance 'cmss' of type xfrac on line 392.


LaTeX template Info: Declaring instance 'cmtt' of type xfrac on line 392.

) (/usr/local/texlive/2025/texmf-dist/tex/generic/mathdots/mathdots.sty
Package: mathdots 2014/06/11 v0.9 Improve and add various macros for dots in math.
\MDo@unit=\dimen276
\MDo@dotsbox=\box69
\MDoprekern=\muskip20
\MDopostkern=\muskip21
\MDodotkern=\muskip22
) (/usr/local/texlive/2025/texmf-dist/tex/latex/xcolor/xcolor.sty
Package: xcolor 2024/09/29 v3.02 LaTeX color extensions (UK)
 (/usr/local/texlive/2025/texmf-dist/tex/latex/graphics-cfg/color.cfg
File: color.cfg 2016/01/02 v1.6 sample color configuration
)
Package xcolor Info: Driver file: luatex.def on input line 274.
 (/usr/local/texlive/2025/texmf-dist/tex/latex/graphics/mathcolor.ltx)
Package xcolor Info: Model `cmy' substituted by `cmy0' on input line 1349.
Package xcolor Info: Model `hsb' substituted by `rgb' on input line 1353.
Package xcolor Info: Model `RGB' extended on input line 1365.
Package xcolor Info: Model `HTML' substituted by `rgb' on input line 1367.
Package xcolor Info: Model `Hsb' substituted by `hsb' on input line 1368.
Package xcolor Info: Model `tHsb' substituted by `hsb' on input line 1369.
Package xcolor Info: Model `HSB' substituted by `hsb' on input line 1370.
Package xcolor Info: Model `Gray' substituted by `gray' on input line 1371.
Package xcolor Info: Model `wave' substituted by `hsb' on input line 1372.
) (/usr/local/texlive/2025/texmf-dist/tex/latex/tools/afterpage.sty
Package: afterpage 2023/07/04 v1.08 After-Page Package (DPC)
\AP@output=\toks42
\AP@partial=\box70
\AP@footins=\box71
) (/usr/local/texlive/2025/texmf-dist/tex/latex/pagecolor/pagecolor.sty
Package: pagecolor 2025-01-28 v1.2d Provides thepagecolor (HMM)
) (/usr/local/texlive/2025/texmf-dist/tex/latex/bookmark/bookmark.sty
Package: bookmark 2023-12-10 v1.31 PDF bookmarks (HO)
 (/usr/local/texlive/2025/texmf-dist/tex/latex/hyperref/hyperref.sty
Package: hyperref 2024-11-05 v7.01l Hypertext links for LaTeX
 (/usr/local/texlive/2025/texmf-dist/tex/latex/kvsetkeys/kvsetkeys.sty
Package: kvsetkeys 2022-10-05 v1.19 Key value parser (HO)
) (/usr/local/texlive/2025/texmf-dist/tex/generic/kvdefinekeys/kvdefinekeys.sty
Package: kvdefinekeys 2019-12-19 v1.6 Define keys (HO)
) (/usr/local/texlive/2025/texmf-dist/tex/generic/pdfescape/pdfescape.sty
Package: pdfescape 2019/12/09 v1.15 Implements pdfTeX's escape features (HO)
 (/usr/local/texlive/2025/texmf-dist/tex/generic/ltxcmds/ltxcmds.sty
Package: ltxcmds 2023-12-04 v1.26 LaTeX kernel commands for general use (HO)
) (/usr/local/texlive/2025/texmf-dist/tex/generic/pdftexcmds/pdftexcmds.sty
Package: pdftexcmds 2020-06-27 v0.33 Utility functions of pdfTeX for LuaTeX (HO)
 (/usr/local/texlive/2025/texmf-dist/tex/generic/infwarerr/infwarerr.sty
Package: infwarerr 2019/12/03 v1.5 Providing info/warning/error messages (HO)
)
Package pdftexcmds Info: \pdf@primitive is available.
Package pdftexcmds Info: \pdf@ifprimitive is available.
Package pdftexcmds Info: \pdfdraftmode found.
\pdftexcmds@toks=\toks43
)) (/usr/local/texlive/2025/texmf-dist/tex/latex/hycolor/hycolor.sty
Package: hycolor 2020-01-27 v1.10 Color options for hyperref/bookmark (HO)
) (/usr/local/texlive/2025/texmf-dist/tex/latex/hyperref/nameref.sty
Package: nameref 2023-11-26 v2.56 Cross-referencing by name of section
 (/usr/local/texlive/2025/texmf-dist/tex/latex/refcount/refcount.sty
Package: refcount 2019/12/15 v3.6 Data extraction from label references (HO)
) (/usr/local/texlive/2025/texmf-dist/tex/generic/gettitlestring/gettitlestring.sty
Package: gettitlestring 2019/12/15 v1.6 Cleanup title references (HO)
 (/usr/local/texlive/2025/texmf-dist/tex/latex/kvoptions/kvoptions.sty
Package: kvoptions 2022-06-15 v3.15 Key value format for package options (HO)
))
\c@section@level=\count318
) (/usr/local/texlive/2025/texmf-dist/tex/generic/stringenc/stringenc.sty
Package: stringenc 2019/11/29 v1.12 Convert strings between diff. encodings (HO)
)
\@linkdim=\dimen277
\Hy@linkcounter=\count319
\Hy@pagecounter=\count320
 (/usr/local/texlive/2025/texmf-dist/tex/latex/hyperref/pd1enc.def
File: pd1enc.def 2024-11-05 v7.01l Hyperref: PDFDocEncoding definition (HO)
) (/usr/local/texlive/2025/texmf-dist/tex/generic/intcalc/intcalc.sty
Package: intcalc 2019/12/15 v1.3 Expandable calculations with integers (HO)
)
\Hy@SavedSpaceFactor=\count321
 (/usr/local/texlive/2025/texmf-dist/tex/latex/hyperref/puenc.def
File: puenc.def 2024-11-05 v7.01l Hyperref: PDF Unicode definition (HO)
)
Package hyperref Info: Hyper figures OFF on input line 4157.
Package hyperref Info: Link nesting OFF on input line 4162.
Package hyperref Info: Hyper index ON on input line 4165.
Package hyperref Info: Plain pages OFF on input line 4172.
Package hyperref Info: Backreferencing OFF on input line 4177.
Package hyperref Info: Implicit mode ON; LaTeX internals redefined.
Package hyperref Info: Bookmarks ON on input line 4424.
\c@Hy@tempcnt=\count322
 (/usr/local/texlive/2025/texmf-dist/tex/latex/url/url.sty
\Urlmuskip=\muskip23
Package: url 2013/09/16  ver 3.4  Verb mode for urls, etc.
)
LaTeX Info: Redefining \url on input line 4763.
\XeTeXLinkMargin=\dimen278
 (/usr/local/texlive/2025/texmf-dist/tex/generic/bitset/bitset.sty
Package: bitset 2019/12/09 v1.3 Handle bit-vector datatype (HO)
 (/usr/local/texlive/2025/texmf-dist/tex/generic/bigintcalc/bigintcalc.sty
Package: bigintcalc 2019/12/15 v1.5 Expandable calculations on big integers (HO)
))
\Fld@menulength=\count323
\Field@Width=\dimen279
\Fld@charsize=\dimen280
Package hyperref Info: Hyper figures OFF on input line 6042.
Package hyperref Info: Link nesting OFF on input line 6047.
Package hyperref Info: Hyper index ON on input line 6050.
Package hyperref Info: backreferencing OFF on input line 6057.
Package hyperref Info: Link coloring OFF on input line 6062.
Package hyperref Info: Link coloring with OCG OFF on input line 6067.
Package hyperref Info: PDF/A mode OFF on input line 6072.
 (/usr/local/texlive/2025/texmf-dist/tex/latex/base/atbegshi-ltx.sty
Package: atbegshi-ltx 2021/01/10 v1.0c Emulation of the original atbegshi
package with kernel methods
)
\Hy@abspage=\count324
\c@Item=\count325
\c@Hfootnote=\count326
)
Package hyperref Info: Driver (autodetected): hluatex.
 (/usr/local/texlive/2025/texmf-dist/tex/latex/hyperref/hluatex.def
File: hluatex.def 2024-11-05 v7.01l Hyperref driver for luaTeX

(/usr/local/texlive/2025/texmf-dist/tex/latex/base/atveryend-ltx.sty
Package: atveryend-ltx 2020/08/19 v1.0a Emulation of the original atveryend package
with kernel methods
)
\Fld@listcount=\count327
\c@bookmark@seq@number=\count328
 (/usr/local/texlive/2025/texmf-dist/tex/latex/rerunfilecheck/rerunfilecheck.sty
Package: rerunfilecheck 2022-07-10 v1.10 Rerun checks for auxiliary files (HO)
 (/usr/local/texlive/2025/texmf-dist/tex/generic/uniquecounter/uniquecounter.sty
Package: uniquecounter 2019/12/15 v1.4 Provide unlimited unique counter (HO)
)
Package uniquecounter Info: New unique counter `rerunfilecheck' on input line 285.
)
\Hy@SectionHShift=\skip83
) (/usr/local/texlive/2025/texmf-dist/tex/latex/bookmark/bkm-pdftex.def
File: bkm-pdftex.def 2023-12-10 v1.31 bookmark driver for pdfTeX and luaTeX (HO)
\BKM@id=\count329
)) (/usr/local/texlive/2025/texmf-dist/tex/latex/doclicense/doclicense.sty
Package: doclicense 2023/10/01 v3.3.0 Support for putting documents under a license
 (/usr/local/texlive/2025/texmf-dist/tex/latex/xifthen/xifthen.sty
Package: xifthen 2015/11/05 v1.4.0 Extended ifthen features
 (/usr/local/texlive/2025/texmf-dist/tex/latex/ifmtarg/ifmtarg.sty
Package: ifmtarg 2018/04/16 v1.2b check for an empty argument
)) (/usr/local/texlive/2025/texmf-dist/tex/generic/xstring/xstring.sty (/usr/local/texlive/2025/texmf-dist/tex/generic/xstring/xstring.tex
\xs_counta=\count330
\xs_countb=\count331
)
Package: xstring 2023/08/22 v1.86 String manipulations (CT)
) (/usr/local/texlive/2025/texmf-dist/tex/latex/hyperxmp/hyperxmp.sty
Package: hyperxmp 2024/03/17 v5.13 Store hyperref metadata in XMP format
\hyxmp@aep@toks=\toks44
 (/usr/local/texlive/2025/texmf-dist/tex/lualatex/luacode/luacode.sty
Package: luacode 2012/01/23 v1.2a lua-in-tex helpers (mpg)
 (/usr/local/texlive/2025/texmf-dist/tex/generic/iftex/ifluatex.sty
Package: ifluatex 2019/10/25 v1.5 ifluatex legacy package. Use iftex instead.
) (/usr/local/texlive/2025/texmf-dist/tex/luatex/luatexbase/luatexbase.sty
Package: luatexbase 2015/10/04 v1.3 luatexbase interface to LuaTeX 
 (/usr/local/texlive/2025/texmf-dist/tex/luatex/ctablestack/ctablestack.sty
Package: ctablestack 2015/10/01 v1.0 Catcode table stable support
\@catcodetablestackcnt=\count332
)
\CatcodeTableOther=\catcodetable16
\CatcodeTableExpl=\catcodetable17
)
\luacode@lines=\toks45
\luacode@table@soft=\catcodetable18
)
\@hyxmp@count=\count333
 (/usr/local/texlive/2025/texmf-dist/tex/latex/oberdiek/ifdraft.sty
Package: ifdraft 2016/05/16 v1.4 Detect class options draft and final (HO)
)
\hyxmp@cct=\catcodetable19
)
\doclicense@hsize=\skip84
 (/usr/local/texlive/2025/texmf-dist/tex/latex/doclicense/doclicense-american.ldf
File: doclicense-american.ldf 
 (/usr/local/texlive/2025/texmf-dist/tex/latex/doclicense/doclicense-english.ldf
File: doclicense-english.ldf 
))) (/usr/local/texlive/2025/texmf-dist/tex/latex/complexity/complexity.sty
Package: complexity 09/16/17  v0.81a
 (/usr/local/texlive/2025/texmf-dist/tex/latex/complexity/mycomplexity.sty)) (/usr/local/texlive/2025/texmf-dist/tex/latex/paralist/paralist.sty
Package: paralist 2017/01/22 v2.7 Extended list environments
\pltopsep=\skip85
\plpartopsep=\skip86
\plitemsep=\skip87
\plparsep=\skip88
\pl@lab=\toks46
) (/usr/local/texlive/2025/texmf-dist/tex/latex/enumitem/enumitem.sty
Package: enumitem 2025/02/06 v3.11 Customized lists
\labelindent=\skip89
\enit@outerparindent=\dimen281
\enit@toks=\toks47
\enit@inbox=\box72
\enit@count@id=\count334
\enitdp@description=\count335
) (/usr/local/texlive/2025/texmf-dist/tex/latex/oberdiek/centernot.sty
Package: centernot 2016/05/16 v1.4 Centers the not symbol horizontally (HO)
) (/usr/local/texlive/2025/texmf-dist/tex/latex/chngcntr/chngcntr.sty
Package: chngcntr 2018/04/09 v1.1a change counter resetting
Package chngcntr Info: \counterwithout already defined.
(chngcntr)             Quitting chngcntr on input line 21.
) (/usr/local/texlive/2025/texmf-dist/tex/latex/epigraph/epigraph.sty
Package: epigraph 2020/01/02 v1.5e typesetting epigraphs
 (/usr/local/texlive/2025/texmf-dist/tex/latex/nextpage/nextpage.sty
Package: nextpage 2009/09/03 v1.1a additional page commands
)
\beforeepigraphskip=\skip90
\afterepigraphskip=\skip91
\epigraphwidth=\skip92
\epigraphrule=\skip93
) (/usr/local/texlive/2025/texmf-dist/tex/latex/etoc/etoc.sty
Package: etoc 2023/10/29 v1.2d Completely customisable TOCs (JFB)
 (/usr/local/texlive/2025/texmf-dist/tex/latex/tools/multicol.sty
Package: multicol 2024/09/14 v1.9i multicolumn formatting (FMi)
\c@tracingmulticols=\count336
\mult@box=\box73
\multicol@leftmargin=\dimen282
\c@unbalance=\count337
\c@collectmore=\count338
\doublecol@number=\count339
\multicoltolerance=\count340
\multicolpretolerance=\count341
\full@width=\dimen283
\page@free=\dimen284
\premulticols=\dimen285
\postmulticols=\dimen286
\multicolsep=\skip94
\multicolbaselineskip=\skip95
\partial@page=\box74
\last@line=\box75
\mc@boxedresult=\box76
\maxbalancingoverflow=\dimen287
\mult@rightbox=\box77
\mult@grightbox=\box78
\mult@firstbox=\box79
\mult@gfirstbox=\box80
\@tempa=\box81
\@tempa=\box82
\@tempa=\box83
\@tempa=\box84
\@tempa=\box85
\@tempa=\box86
\@tempa=\box87
\@tempa=\box88
\@tempa=\box89
\@tempa=\box90
\@tempa=\box91
\@tempa=\box92
\@tempa=\box93
\@tempa=\box94
\@tempa=\box95
\@tempa=\box96
\@tempa=\box97
\@tempa=\box98
\@tempa=\box99
\@tempa=\box100
\@tempa=\box101
\@tempa=\box102
\@tempa=\box103
\@tempa=\box104
\@tempa=\box105
\@tempa=\box106
\@tempa=\box107
\@tempa=\box108
\@tempa=\box109
\@tempa=\box110
\@tempa=\box111
\@tempa=\box112
\@tempa=\box113
\@tempa=\box114
\@tempa=\box115
\@tempa=\box116
\c@minrows=\count342
\c@columnbadness=\count343
\c@finalcolumnbadness=\count344
\last@try=\dimen288
\multicolovershoot=\dimen289
\multicolundershoot=\dimen290
\mult@nat@firstbox=\box117
\colbreak@box=\box118
\mc@col@check@num=\count345
)
\Etoc@toctoks=\toks48
\c@etoc@tocid=\count346
\etoc@framed@titlebox=\box119
\etoc@framed@contentsbox=\box120
) (/usr/local/texlive/2025/texmf-dist/tex/latex/fontspec/fontspec.sty
Package: fontspec 2024/05/11 v2.9e Font selection for XeLaTeX and LuaLaTeX
Lua module: fontspec 2024/05/11 v2.9e Font selection for XeLaTeX and LuaLaTeX
(/usr/local/texlive/2025/texmf-dist/tex/latex/fontspec/fontspec-luatex.sty
Package: fontspec-luatex 2024/05/11 v2.9e Font selection for XeLaTeX and LuaLaTeX
\l__fontspec_script_int=\count347
\l__fontspec_language_int=\count348
\l__fontspec_strnum_int=\count349
\l__fontspec_tmp_int=\count350
\l__fontspec_tmpa_int=\count351
\l__fontspec_tmpb_int=\count352
\l__fontspec_tmpc_int=\count353
\l__fontspec_em_int=\count354
\l__fontspec_emdef_int=\count355
\l__fontspec_strong_int=\count356
\l__fontspec_strongdef_int=\count357
\l__fontspec_tmpa_dim=\dimen291
\l__fontspec_tmpb_dim=\dimen292
\l__fontspec_tmpc_dim=\dimen293
 (/usr/local/texlive/2025/texmf-dist/tex/latex/base/fontenc.sty
Package: fontenc 2021/04/29 v2.0v Standard LaTeX package
) (/usr/local/texlive/2025/texmf-dist/tex/latex/fontspec/fontspec.cfg))) (/usr/local/texlive/2025/texmf-dist/tex/luatex/luatexja/addons/luatexja-fontspec.sty
Package: luatexja-fontspec 2024-05-14 fontspec support of LuaTeX-ja
 (/usr/local/texlive/2025/texmf-dist/tex/latex/l3packages/l3keys2e/l3keys2e.sty
Package: l3keys2e 2024-08-16 LaTeX2e option processing using LaTeX3 keys
) (/usr/local/texlive/2025/texmf-dist/tex/luatex/luatexja/luatexja.sty
Package: luatexja 2025-02-08 Japanese Typesetting with Lua(La)TeX
 (/usr/local/texlive/2025/texmf-dist/tex/luatex/luatexja/luatexja-core.sty
Package: luatexja-core 2023-10-07 Core of LuaTeX-ja
 (/usr/local/texlive/2025/texmf-dist/tex/latex/everyhook/everyhook.sty (/usr/local/texlive/2025/texmf-dist/tex/latex/svn-prov/svn-prov.sty
Package: svn-prov 2010/04/24 v3.1862 Package Date/Version from SVN Keywords
)
Package: everyhook 2014/11/26 v1.2 (SVN Rev: 12)\ Hooks for low level TeX everyX primitives.
\everypar=\toks49
\frozen@everymath=\toks50
\frozen@everydisplay=\toks51
\everyhbox=\toks52
\everyvbox=\toks53
\everycr=\toks54
)
\ltjlineendcomment=\count358
\ltj@dimen@zw=\dimen294
\ltj@dimen@zh=\dimen295
\ltj@dimen@jQ=\dimen296
\ltj@icflag=\attribute5
\ltj@curjfnt=\attribute6
\ltj@curtfnt=\attribute7
\ltj@charclass=\attribute8
\ltj@charcode=\attribute9
\ltj@autospc=\attribute10
\ltj@autoxspc=\attribute11
\ltj@yablshift=\attribute12
\ltj@ykblshift=\attribute13
\ltj@tablshift=\attribute14
\ltj@tkblshift=\attribute15
\jfam=\attribute16
\ltj@vert@ori=\attribute17
\ltj@dir=\attribute18
\ltj@@japanese=\language92
\ltj@tempcnta=\count359
\ltj@tempdima=\dimen297
\ltj@@stack=\count360
\ltj@@group@level=\count361
\ltj@kcat0=\attribute19
\ltj@kcat1=\attribute20
\ltj@kcat2=\attribute21
\ltj@kcat3=\attribute22
\ltj@kcat4=\attribute23
\ltj@kcat5=\attribute24
\ltj@kcat6=\attribute25
Custom whatsit inhibitglue = 1
Custom whatsit stack_marker = 2
Custom whatsit begin_par = 3
Custom whatsit direction = 4
Custom whatsit box_boundary = 5
Custom whatsit ja_al_boundary = 6(load cache: ltj-cid-auto-adobe-japan1.luc)
Lua module: luatexja.charrange 2022-08-19 Handling the range of Japanese characters
Lua module: luatexja.stack 2022-08-20 LuaTeX-ja stack system
Inserting `ltj.create_dir_whatsit' in `hpack_filter'.
Inserting `ltj.create_dir_whatsit' in `post_linebreak_filter'.
Inserting `ltj.direction' in `vpack_filter'.
Inserting `ltj.direction' in `pre_output_filter'.
Inserting `ltj.lineskip' in `post_linebreak_filter'.
Inserting `ltj.lineskip' in `append_to_vlist_filter'.
Lua module: luatexja.jfont 2024-07-25 Loader for Japanese fonts
Removing  `luaotfload.define_font' from `define_font'.
Inserting `luatexja.font_callback' in `define_font'.
Removing  `luaotfload.aux.set_sscale_dimens' from `luaotfload.patch_font'.
Removing  `luaotfload.aux.set_font_index' from `luaotfload.patch_font'.
Removing  `luaotfload.aux.patch_cambria_domh' from `luaotfload.patch_font'.
Removing  `luaotfload.aux.set_capheight' from `luaotfload.patch_font'.
Removing  `luaotfload.aux.set_xheight' from `luaotfload.patch_font'.
Removing  `luaotfload.rewrite_fontname' from `luaotfload.patch_font'.
Inserting `ltj.prepare_extra_data' in `luaotfload.patch_font'.
Inserting `luaotfload.aux.set_sscale_dimens' in `luaotfload.patch_font'.
Inserting `luaotfload.aux.set_font_index' in `luaotfload.patch_font'.
Inserting `luaotfload.aux.patch_cambria_domh' in `luaotfload.patch_font'.
Inserting `luaotfload.aux.set_capheight' in `luaotfload.patch_font'.
Inserting `luaotfload.aux.set_xheight' in `luaotfload.patch_font'.
Inserting `luaotfload.rewrite_fontname' in `luaotfload.patch_font'.
Inserting `ltj.prepare_extra_data' in `luatexja.define_font'.(load cache: extra_lmroman10-regular.luc)(load cache: extra_lmroman10-bold.luc)
Inserting `ltj.get_vert_form' in `luatexja.define_jfont'.
Removing  `ltj.prepare_extra_data' from `luaotfload.patch_font'.
Removing  `luaotfload.aux.set_sscale_dimens' from `luaotfload.patch_font'.
Removing  `luaotfload.aux.set_font_index' from `luaotfload.patch_font'.
Removing  `luaotfload.aux.patch_cambria_domh' from `luaotfload.patch_font'.
Removing  `luaotfload.aux.set_capheight' from `luaotfload.patch_font'.
Removing  `luaotfload.aux.set_xheight' from `luaotfload.patch_font'.
Removing  `luaotfload.rewrite_fontname' from `luaotfload.patch_font'.
Inserting `ltj.supply_tounicode' in `luaotfload.patch_font'.
Inserting `ltj.prepare_extra_data' in `luaotfload.patch_font'.
Inserting `luaotfload.aux.set_sscale_dimens' in `luaotfload.patch_font'.
Inserting `luaotfload.aux.set_font_index' in `luaotfload.patch_font'.
Inserting `luaotfload.aux.patch_cambria_domh' in `luaotfload.patch_font'.
Inserting `luaotfload.aux.set_capheight' in `luaotfload.patch_font'.
Inserting `luaotfload.aux.set_xheight' in `luaotfload.patch_font'.
Inserting `luaotfload.rewrite_fontname' in `luaotfload.patch_font'.
Inserting `ltj.process_input_buffer' in `process_input_buffer'.
Inserting `ltj.hyphenate' in `hyphenate'.
Removing  `luaotfload.node_processor' from `hpack_filter'.
Removing  `luaotfload.harf.finalize_hlist' from `hpack_filter'.
Removing  `ltj.create_dir_whatsit' from `hpack_filter'.
Inserting `ltj.set_stack_level' in `hpack_filter'.
Inserting `luaotfload.node_processor' in `hpack_filter'.
Inserting `luaotfload.harf.finalize_hlist' in `hpack_filter'.
Inserting `ltj.create_dir_whatsit' in `hpack_filter'.
Removing  `luaotfload.node_processor' from `pre_linebreak_filter'.
Inserting `ltj.set_stack_level' in `pre_linebreak_filter'.
Inserting `luaotfload.node_processor' in `pre_linebreak_filter'.
Lua module: luatexja.jfmglue 2024-10-12 Insertion process of JFM glues, [x]kanjiskip and others
Inserting `luatexja.beginpar.np_info' in `luatexja.jfmglue.whatsit_getinfo'.
Inserting `luatexja.beginpar.np_info_after' in `luatexja.jfmglue.whatsit_after'.
Inserting `ltj.mlist_to_hlist_pre' in `pre_mlist_to_hlist_filter'.
Inserting `ltj.main' in `pre_linebreak_filter'.
Removing  `luaotfload.harf.finalize_hlist' from `hpack_filter'.
Removing  `ltj.create_dir_whatsit' from `hpack_filter'.
Inserting `ltj.main' in `hpack_filter'.
Inserting `luaotfload.harf.finalize_hlist' in `hpack_filter'.
Inserting `ltj.create_dir_whatsit' in `hpack_filter'.
Removing  `ltj.set_stack_level' from `pre_linebreak_filter'.
Removing  `luaotfload.node_processor' from `pre_linebreak_filter'.
Removing  `ltj.main' from `pre_linebreak_filter'.
Inserting `ltj.adjust_icflag' in `pre_linebreak_filter'.
Inserting `ltj.set_stack_level' in `pre_linebreak_filter'.
Inserting `luaotfload.node_processor' in `pre_linebreak_filter'.
Inserting `ltj.main' in `pre_linebreak_filter'.
Removing  `ltj.set_stack_level' from `hpack_filter'.
Removing  `luaotfload.node_processor' from `hpack_filter'.
Removing  `ltj.main' from `hpack_filter'.
Removing  `luaotfload.harf.finalize_hlist' from `hpack_filter'.
Removing  `ltj.create_dir_whatsit' from `hpack_filter'.
Inserting `ltj.adjust_icflag' in `hpack_filter'.
Inserting `ltj.set_stack_level' in `hpack_filter'.
Inserting `luaotfload.node_processor' in `hpack_filter'.
Inserting `ltj.main' in `hpack_filter'.
Inserting `luaotfload.harf.finalize_hlist' in `hpack_filter'.
Inserting `ltj.create_dir_whatsit' in `hpack_filter'. (/usr/local/texlive/2025/texmf-dist/tex/luatex/luatexja/ltj-base.sty
Package: ltj-base 2021-03-16
\ltj@tempcntb=\count362
\ltj@tempcntc=\count363
\ltj@afbox=\box121
)
\ltj@@italic@inner=\luafunction29
\ltj@@start@time@measure@inner=\luafunction30
\ltj@@stop@time@measure@inner=\luafunction31
\ltj@@jfont@inner=\luafunction32
\ltj@zw@inner=\luafunction33
\ltj@zh@inner=\luafunction34
\ltj@reset@globaldefs@inner=\luafunction35
\ltj@restore@globaldefs@inner=\luafunction36
\ltj@@disihb@inner=\luafunction37
\ltj@@ihb@inner=\luafunction38
\ltj@@fakeparbegin@inner=\luafunction39
\ltj@@fakeboxbdd@inner=\luafunction40
\ltj@@ins@xk@inner=\luafunction41
\ltj@@ins@k@inner=\luafunction42
\ltjsetkanjiskip@inner=\luafunction43
\ltjsetxkanjiskip@inner=\luafunction44
\ltj@@getparam@one@inner=\luafunction45
\ltj@alljachar@inner=\luafunction46
\ltj@@lua@populate@insertwhatsit@inner=\luafunction47
\ltj@@vadjust@begin@inner=\luafunction48
\ltj@@vadjust@dirhook@inner=\luafunction49
\ltj@@vadjust@check@dir@inner=\luafunction50
\ltj@@box@dirhook@inner=\luafunction51
\ltj@@reset@badness@inner=\luafunction52
\ltj@@lua@raisebox@inner=\luafunction53
\ltj@@vsplit@inner=\luafunction54
\ltj@@lua@unboxcheckdir@inner=\luafunction55
\ltj@@lua@uncopycheckdir@inner=\luafunction56
\ltj@@lua@uncopy@restore@whatsit@inner=\luafunction57
(load cache: ltj-kinsoku_default.luc) (/usr/local/texlive/2025/texmf-dist/tex/luatex/luatexja/ltj-latex.sty
Package: ltj-latex 2024-05-16 LaTeX support of LuaTeX-ja
Inserting `ltj.direction' in `pre_shipout_filter'. (/usr/local/texlive/2025/texmf-dist/tex/luatex/luatexja/patches/lltjfont.sty
Package: lltjfont 2023-05-16 Patch to NFSS2 for LuaTeX-ja
\ltj@@latex@plv=\count364
 (/usr/local/texlive/2025/texmf-dist/tex/latex/base/tuenc.def
File: tuenc.def 2021/04/29 v2.0v Standard LaTeX file
\@remove@tlig@@@=\luafunction58
LaTeX Font Info:    Redeclaring font encoding TU on input line 105.
)
\Cht=\dimen298
\cht=\dimen299
\Cdp=\dimen300
\cdp=\dimen301
\Cwd=\dimen302
\cwd=\dimen303
\Cvs=\dimen304
\cvs=\dimen305
\Chs=\dimen306
\chs=\dimen307
\cHT=\dimen308
\dstrutbox=\box122
\tstrutbox=\box123
\zstrutbox=\box124
LaTeX Info: Redefining \strut on input line 70.
\ltj@@add@fenc@@inner=\luafunction59
\ltj@@add@kyenc@@inner=\luafunction60
\ltj@@add@ktenc@@inner=\luafunction61
\ltj@@is@kyenc@@inner=\luafunction62
\ltj@@is@ktenc@@inner=\luafunction63
\ltj@@is@kenc@@inner=\luafunction64
\ltj@@is@ffam@@inner=\luafunction65
\ltj@@add@ffam@@inner=\luafunction66
\ltj@@add@kfam@@inner=\luafunction67
\ltj@@adjust@baseline@inner=\luafunction68
LaTeX Info: Redefining \fontencoding on input line 572.
LaTeX Info: Redefining \fontfamily on input line 615.
LaTeX Info: Redefining \fontseries on input line 769.
LaTeX Info: Redefining \fontseriesforce on input line 770.
LaTeX Info: Redefining \fontshape on input line 778.
LaTeX Info: Redefining \fontshapeforce on input line 789.
\ltj@@jfont@@jfmonly@@inner=\luafunction69
\ltj@@does@alt@set@@inner=\luafunction70
\ltj@@cipath@clear@inner=\luafunction71
) (/usr/local/texlive/2025/texmf-dist/tex/luatex/luatexja/patches/lltjdefs.sty
Package: lltjdefs 2024-05-16 Default font settings of LuaTeX-ja
LaTeX Font Info:    Font shape `JT3/mc/m/n' will be
(Font)              scaled to size 9.6222pt on input line 69.

(/usr/local/texlive/2025/texmf-dist/tex/luatex/luatexja/jfm-ujisv.lua)
LaTeX Font Info:    Font shape `JY3/mc/m/n' will be
(Font)              scaled to size 9.6222pt on input line 69.
(load cache: extra_haranoajimincho-regular.luc)
(/usr/local/texlive/2025/texmf-dist/tex/luatex/luatexja/jfm-ujis.lua)
\symmincho=\mathgroup12
LaTeX Font Info:    Overwriting symbol font `mincho' in version `bold'
(Font)                  JY3/mc/m/n --> JY3/gt/m/n on input line 78.
) (/usr/local/texlive/2025/texmf-dist/tex/luatex/luatexja/patches/lltjcore.sty
Package: lltjcore 2025-01-12 Patch to LaTeX2e Kernel for LuaTeX-ja
\@tombowwidth=\dimen309
\@TL=\box125
\@Tl=\box126
\@TC=\box127
\@TR=\box128
\@Tr=\box129
\@BL=\box130
\@Bl=\box131
\@BC=\box132
\@BR=\box133
\@Br=\box134
\@CL=\box135
\@CR=\box136
(load cache: extra_lmmono9-regular.luc)
\@bannertoken=\toks55
\@@paperheight=\dimen310
\@@paperwidth=\dimen311
\@@topmargin=\dimen312
LaTeX Info: Redefining \underline on input line 284.
) (/usr/local/texlive/2025/texmf-dist/tex/luatex/luatexja/patches/lltjp-atbegshi.sty
Package: lltjp-atbegshi 2024-05-14 Patching \shipout hooks for LuaTeX-ja
\l__platex_shipout_dummy_box=\box137
) (/usr/local/texlive/2025/texmf-dist/tex/luatex/luatexja/patches/lltjp-fontspec.sty) (/usr/local/texlive/2025/texmf-dist/tex/luatex/luatexja/patches/lltjp-microtype.sty

Package luatexja Warning: LuaTeX-ja's patch against the microtype package 
(luatexja)                (lltjp-microtype.sty, 2019-11-08) may not work.

) (/usr/local/texlive/2025/texmf-dist/tex/luatex/luatexja/patches/lltjp-geometry.sty
Package: lltjp-geometry 2024-05-16 Patch to geometry for LuaTeX-ja with vertical writing mode
))
\ltj@temp@cctb=\catcodetable20
) (/usr/local/texlive/2025/texmf-dist/tex/luatex/luatexja/luatexja-compat.sty
Package: luatexja-compat 2020-08-08 Compatibility with pTeX
(load cache: ltj-jisx0208.luc)
\hour=\count365
\minute=\count366
))(load cache: extra_lmroman17-regular.luc)
LaTeX Font Info:    Font shape `JT3/mc/m/n' will be
(Font)              scaled to size 15.39551pt on input line 16.
LaTeX Font Info:    Font shape `JY3/mc/m/n' will be
(Font)              scaled to size 15.39551pt on input line 16.
 (/usr/local/texlive/2025/texmf-dist/tex/luatex/luatexja/addons/luatexja-fontspec-29e.sty
Package: luatexja-fontspec-29e 2024-05-27 fontspec support of LuaTeX-ja
\g__ltj_fontspec_altnumber_int=\count367
)) (/usr/local/texlive/2025/texmf-dist/tex/latex/biblatex/biblatex.sty
Package: biblatex 2024/03/21 v3.20 programmable bibliographies (PK/MW)
 (/usr/local/texlive/2025/texmf-dist/tex/latex/logreq/logreq.sty
Package: logreq 2010/08/04 v1.0 xml request logger
\lrq@indent=\count368
 (/usr/local/texlive/2025/texmf-dist/tex/latex/logreq/logreq.def
File: logreq.def 2010/08/04 v1.0 logreq spec v1.0
))
\c@tabx@nest=\count369
\c@listtotal=\count370
\c@listcount=\count371
\c@liststart=\count372
\c@liststop=\count373
\c@citecount=\count374
\c@citetotal=\count375
\c@multicitecount=\count376
\c@multicitetotal=\count377
\c@instcount=\count378
\c@maxnames=\count379
\c@minnames=\count380
\c@maxitems=\count381
\c@minitems=\count382
\c@citecounter=\count383
\c@maxcitecounter=\count384
\c@savedcitecounter=\count385
\c@uniquelist=\count386
\c@uniquename=\count387
\c@refsection=\count388
\c@refsegment=\count389
\c@maxextratitle=\count390
\c@maxextratitleyear=\count391
\c@maxextraname=\count392
\c@maxextradate=\count393
\c@maxextraalpha=\count394
\c@abbrvpenalty=\count395
\c@highnamepenalty=\count396
\c@lownamepenalty=\count397
\c@maxparens=\count398
\c@parenlevel=\count399
\blx@tempcnta=\count400
\blx@tempcntb=\count401
\blx@tempcntc=\count402
\c@blx@maxsection=\count403
\blx@maxsegment@0=\count404
\blx@notetype=\count405
\blx@parenlevel@text=\count406
\blx@parenlevel@foot=\count407
\blx@sectionciteorder@0=\count408
\blx@sectionciteorderinternal@0=\count409
\blx@entrysetcounter=\count410
\blx@biblioinstance=\count411
\labelnumberwidth=\skip96
\labelalphawidth=\skip97
\biblabelsep=\skip98
\bibitemsep=\skip99
\bibnamesep=\skip100
\bibinitsep=\skip101
\bibparsep=\skip102
\bibhang=\skip103
\blx@bcfin=\read5
\blx@bcfout=\write3
\blx@langwohyphens=\language93
\c@mincomprange=\count412
\c@maxcomprange=\count413
\c@mincompwidth=\count414
Package biblatex Info: Trying to load biblatex default data model...
Package biblatex Info: ... file 'blx-dm.def' found.
 (/usr/local/texlive/2025/texmf-dist/tex/latex/biblatex/blx-dm.def
File: blx-dm.def 2024/03/21 v3.20 biblatex datamodel (PK/MW)
)
Package biblatex Info: Trying to load biblatex style data model...
Package biblatex Info: ... file 'alphabetic.dbx' not found.
Package biblatex Info: Trying to load biblatex custom data model...
Package biblatex Info: ... file 'biblatex-dm.cfg' not found.
\c@afterword=\count415
\c@savedafterword=\count416
\c@annotator=\count417
\c@savedannotator=\count418
\c@author=\count419
\c@savedauthor=\count420
\c@bookauthor=\count421
\c@savedbookauthor=\count422
\c@commentator=\count423
\c@savedcommentator=\count424
\c@editor=\count425
\c@savededitor=\count426
\c@editora=\count427
\c@savededitora=\count428
\c@editorb=\count429
\c@savededitorb=\count430
\c@editorc=\count431
\c@savededitorc=\count432
\c@foreword=\count433
\c@savedforeword=\count434
\c@holder=\count435
\c@savedholder=\count436
\c@introduction=\count437
\c@savedintroduction=\count438
\c@namea=\count439
\c@savednamea=\count440
\c@nameb=\count441
\c@savednameb=\count442
\c@namec=\count443
\c@savednamec=\count444
\c@translator=\count445
\c@savedtranslator=\count446
\c@shortauthor=\count447
\c@savedshortauthor=\count448
\c@shorteditor=\count449
\c@savedshorteditor=\count450
\c@labelname=\count451
\c@savedlabelname=\count452
\c@institution=\count453
\c@savedinstitution=\count454
\c@lista=\count455
\c@savedlista=\count456
\c@listb=\count457
\c@savedlistb=\count458
\c@listc=\count459
\c@savedlistc=\count460
\c@listd=\count461
\c@savedlistd=\count462
\c@liste=\count463
\c@savedliste=\count464
\c@listf=\count465
\c@savedlistf=\count466
\c@location=\count467
\c@savedlocation=\count468
\c@organization=\count469
\c@savedorganization=\count470
\c@origlocation=\count471
\c@savedoriglocation=\count472
\c@origpublisher=\count473
\c@savedorigpublisher=\count474
\c@publisher=\count475
\c@savedpublisher=\count476
\c@language=\count477
\c@savedlanguage=\count478
\c@origlanguage=\count479
\c@savedoriglanguage=\count480
\c@pageref=\count481
\c@savedpageref=\count482
\shorthandwidth=\skip104
\shortjournalwidth=\skip105
\shortserieswidth=\skip106
\shorttitlewidth=\skip107
\shortauthorwidth=\skip108
\shorteditorwidth=\skip109
\locallabelnumberwidth=\skip110
\locallabelalphawidth=\skip111
\localshorthandwidth=\skip112
\localshortjournalwidth=\skip113
\localshortserieswidth=\skip114
\localshorttitlewidth=\skip115
\localshortauthorwidth=\skip116
\localshorteditorwidth=\skip117
Package biblatex Info: Trying to load enhanced support for Unicode engines...
Package biblatex Info: ... file 'blx-unicode.def' found.
 (/usr/local/texlive/2025/texmf-dist/tex/latex/biblatex/blx-unicode.def)
Package biblatex Info: Trying to load compatibility code...
Package biblatex Info: ... file 'blx-compat.def' found.
 (/usr/local/texlive/2025/texmf-dist/tex/latex/biblatex/blx-compat.def
File: blx-compat.def 2024/03/21 v3.20 biblatex compatibility (PK/MW)
)
Package biblatex Info: Trying to load generic definitions...
Package biblatex Info: ... file 'biblatex.def' found.
 (/usr/local/texlive/2025/texmf-dist/tex/latex/biblatex/biblatex.def
File: biblatex.def 2024/03/21 v3.20 biblatex compatibility (PK/MW)
\c@textcitecount=\count483
\c@textcitetotal=\count484
\c@textcitemaxnames=\count485
\c@biburlbigbreakpenalty=\count486
\c@biburlbreakpenalty=\count487
\c@biburlnumpenalty=\count488
\c@biburlucpenalty=\count489
\c@biburllcpenalty=\count490
\biburlbigskip=\muskip24
\biburlnumskip=\muskip25
\biburlucskip=\muskip26
\biburllcskip=\muskip27
\c@smartand=\count491
)
Package biblatex Info: Trying to load bibliography style 'alphabetic'...
Package biblatex Info: ... file 'alphabetic.bbx' found.
 (/usr/local/texlive/2025/texmf-dist/tex/latex/biblatex/bbx/alphabetic.bbx
File: alphabetic.bbx 2024/03/21 v3.20 biblatex bibliography style (PK/MW)
Package biblatex Info: Trying to load bibliography style 'standard'...
Package biblatex Info: ... file 'standard.bbx' found.
 (/usr/local/texlive/2025/texmf-dist/tex/latex/biblatex/bbx/standard.bbx
File: standard.bbx 2024/03/21 v3.20 biblatex bibliography style (PK/MW)
\c@bbx:relatedcount=\count492
\c@bbx:relatedtotal=\count493
))
Package biblatex Info: Trying to load citation style 'alphabetic'...
Package biblatex Info: ... file 'alphabetic.cbx' found.
 (/usr/local/texlive/2025/texmf-dist/tex/latex/biblatex/cbx/alphabetic.cbx
File: alphabetic.cbx 2024/03/21 v3.20 biblatex citation style (PK/MW)
Package biblatex Info: Redefining '\cite'.
Package biblatex Info: Redefining '\parencite'.
Package biblatex Info: Redefining '\footcite'.
Package biblatex Info: Redefining '\footcitetext'.
Package biblatex Info: Redefining '\smartcite'.
Package biblatex Info: Redefining '\textcite'.
Package biblatex Info: Redefining '\textcites'.
Package biblatex Info: Redefining '\cites'.
Package biblatex Info: Redefining '\parencites'.
Package biblatex Info: Redefining '\smartcites'.
)
Package biblatex Info: Trying to load configuration file...
Package biblatex Info: ... file 'biblatex.cfg' found.
 (/usr/local/texlive/2025/texmf-dist/tex/latex/biblatex/biblatex.cfg
File: biblatex.cfg 
)
Package biblatex Info: LuaTeX detected.
(biblatex)             Assuming input encoding 'utf8'.
Package biblatex Info: Document encoding is UTF8 ....
Package biblatex Info: ... and expl3
(biblatex)             2025-01-18 L3 programming layer (loader) 
(biblatex)             is new enough (at least 2020/04/06),
(biblatex)             setting 'casechanger=expl3'.
 (/usr/local/texlive/2025/texmf-dist/tex/latex/biblatex/blx-case-expl3.sty
Package: blx-case-expl3 2024/03/21 v3.20 expl3 case changing code for biblatex
)) (/usr/local/texlive/2025/texmf-dist/tex/latex/pgf/frontendlayer/tikz.sty (/usr/local/texlive/2025/texmf-dist/tex/latex/pgf/basiclayer/pgf.sty (/usr/local/texlive/2025/texmf-dist/tex/latex/pgf/utilities/pgfrcs.sty (/usr/local/texlive/2025/texmf-dist/tex/generic/pgf/utilities/pgfutil-common.tex
\pgfutil@everybye=\toks56
\pgfutil@tempdima=\dimen313
\pgfutil@tempdimb=\dimen314
) (/usr/local/texlive/2025/texmf-dist/tex/generic/pgf/utilities/pgfutil-latex.def
\pgfutil@abb=\box138
) (/usr/local/texlive/2025/texmf-dist/tex/generic/pgf/utilities/pgfrcs.code.tex (/usr/local/texlive/2025/texmf-dist/tex/generic/pgf/pgf.revision.tex)
Package: pgfrcs 2023-01-15 v3.1.10 (3.1.10)
))
Package: pgf 2023-01-15 v3.1.10 (3.1.10)
 (/usr/local/texlive/2025/texmf-dist/tex/latex/pgf/basiclayer/pgfcore.sty (/usr/local/texlive/2025/texmf-dist/tex/latex/pgf/systemlayer/pgfsys.sty (/usr/local/texlive/2025/texmf-dist/tex/generic/pgf/systemlayer/pgfsys.code.tex
Package: pgfsys 2023-01-15 v3.1.10 (3.1.10)
 (/usr/local/texlive/2025/texmf-dist/tex/generic/pgf/utilities/pgfkeys.code.tex
\pgfkeys@pathtoks=\toks57
\pgfkeys@temptoks=\toks58
 (/usr/local/texlive/2025/texmf-dist/tex/generic/pgf/utilities/pgfkeyslibraryfiltered.code.tex
\pgfkeys@tmptoks=\toks59
))
\pgf@x=\dimen315
\pgf@y=\dimen316
\pgf@xa=\dimen317
\pgf@ya=\dimen318
\pgf@xb=\dimen319
\pgf@yb=\dimen320
\pgf@xc=\dimen321
\pgf@yc=\dimen322
\pgf@xd=\dimen323
\pgf@yd=\dimen324
\w@pgf@writea=\write4
\r@pgf@reada=\read6
\c@pgf@counta=\count494
\c@pgf@countb=\count495
\c@pgf@countc=\count496
\c@pgf@countd=\count497
\t@pgf@toka=\toks60
\t@pgf@tokb=\toks61
\t@pgf@tokc=\toks62
\pgf@sys@id@count=\count498

(/usr/local/texlive/2025/texmf-dist/tex/generic/pgf/systemlayer/pgf.cfg
File: pgf.cfg 2023-01-15 v3.1.10 (3.1.10)
)
Driver file for pgf: pgfsys-luatex.def
 (/usr/local/texlive/2025/texmf-dist/tex/generic/pgf/systemlayer/pgfsys-luatex.def
File: pgfsys-luatex.def 2023-01-15 v3.1.10 (3.1.10)
 (/usr/local/texlive/2025/texmf-dist/tex/generic/pgf/systemlayer/pgfsys-common-pdf.def
File: pgfsys-common-pdf.def 2023-01-15 v3.1.10 (3.1.10)
))) (/usr/local/texlive/2025/texmf-dist/tex/generic/pgf/systemlayer/pgfsyssoftpath.code.tex
File: pgfsyssoftpath.code.tex 2023-01-15 v3.1.10 (3.1.10)
\pgfsyssoftpath@smallbuffer@items=\count499
\pgfsyssoftpath@bigbuffer@items=\count500
) (/usr/local/texlive/2025/texmf-dist/tex/generic/pgf/systemlayer/pgfsysprotocol.code.tex
File: pgfsysprotocol.code.tex 2023-01-15 v3.1.10 (3.1.10)
)) (/usr/local/texlive/2025/texmf-dist/tex/generic/pgf/basiclayer/pgfcore.code.tex
Package: pgfcore 2023-01-15 v3.1.10 (3.1.10)
 (/usr/local/texlive/2025/texmf-dist/tex/generic/pgf/math/pgfmath.code.tex (/usr/local/texlive/2025/texmf-dist/tex/generic/pgf/math/pgfmathutil.code.tex) (/usr/local/texlive/2025/texmf-dist/tex/generic/pgf/math/pgfmathparser.code.tex
\pgfmath@dimen=\dimen325
\pgfmath@count=\count501
\pgfmath@box=\box139
\pgfmath@toks=\toks63
\pgfmath@stack@operand=\toks64
\pgfmath@stack@operation=\toks65
) (/usr/local/texlive/2025/texmf-dist/tex/generic/pgf/math/pgfmathfunctions.code.tex) (/usr/local/texlive/2025/texmf-dist/tex/generic/pgf/math/pgfmathfunctions.basic.code.tex) (/usr/local/texlive/2025/texmf-dist/tex/generic/pgf/math/pgfmathfunctions.trigonometric.code.tex) (/usr/local/texlive/2025/texmf-dist/tex/generic/pgf/math/pgfmathfunctions.random.code.tex) (/usr/local/texlive/2025/texmf-dist/tex/generic/pgf/math/pgfmathfunctions.comparison.code.tex) (/usr/local/texlive/2025/texmf-dist/tex/generic/pgf/math/pgfmathfunctions.base.code.tex) (/usr/local/texlive/2025/texmf-dist/tex/generic/pgf/math/pgfmathfunctions.round.code.tex) (/usr/local/texlive/2025/texmf-dist/tex/generic/pgf/math/pgfmathfunctions.misc.code.tex) (/usr/local/texlive/2025/texmf-dist/tex/generic/pgf/math/pgfmathfunctions.integerarithmetics.code.tex) (/usr/local/texlive/2025/texmf-dist/tex/generic/pgf/math/pgfmathcalc.code.tex) (/usr/local/texlive/2025/texmf-dist/tex/generic/pgf/math/pgfmathfloat.code.tex
\c@pgfmathroundto@lastzeros=\count502
)) (/usr/local/texlive/2025/texmf-dist/tex/generic/pgf/math/pgfint.code.tex) (/usr/local/texlive/2025/texmf-dist/tex/generic/pgf/basiclayer/pgfcorepoints.code.tex
File: pgfcorepoints.code.tex 2023-01-15 v3.1.10 (3.1.10)
\pgf@picminx=\dimen326
\pgf@picmaxx=\dimen327
\pgf@picminy=\dimen328
\pgf@picmaxy=\dimen329
\pgf@pathminx=\dimen330
\pgf@pathmaxx=\dimen331
\pgf@pathminy=\dimen332
\pgf@pathmaxy=\dimen333
\pgf@xx=\dimen334
\pgf@xy=\dimen335
\pgf@yx=\dimen336
\pgf@yy=\dimen337
\pgf@zx=\dimen338
\pgf@zy=\dimen339
LaTeX Font Info:    Font shape `JY3/mc/m/n' will be
(Font)              scaled to size 9.6222pt on input line 926.
) (/usr/local/texlive/2025/texmf-dist/tex/generic/pgf/basiclayer/pgfcorepathconstruct.code.tex
File: pgfcorepathconstruct.code.tex 2023-01-15 v3.1.10 (3.1.10)
\pgf@path@lastx=\dimen340
\pgf@path@lasty=\dimen341
)
(/usr/local/texlive/2025/texmf-dist/tex/generic/pgf/basiclayer/pgfcorepathusage.code.tex
File: pgfcorepathusage.code.tex 2023-01-15 v3.1.10 (3.1.10)
\pgf@shorten@end@additional=\dimen342
\pgf@shorten@start@additional=\dimen343
) (/usr/local/texlive/2025/texmf-dist/tex/generic/pgf/basiclayer/pgfcorescopes.code.tex
File: pgfcorescopes.code.tex 2023-01-15 v3.1.10 (3.1.10)
\pgfpic=\box140
\pgf@hbox=\box141
\pgf@layerbox@main=\box142
\pgf@picture@serial@count=\count503
) (/usr/local/texlive/2025/texmf-dist/tex/generic/pgf/basiclayer/pgfcoregraphicstate.code.tex
File: pgfcoregraphicstate.code.tex 2023-01-15 v3.1.10 (3.1.10)
\pgflinewidth=\dimen344
) (/usr/local/texlive/2025/texmf-dist/tex/generic/pgf/basiclayer/pgfcoretransformations.code.tex
File: pgfcoretransformations.code.tex 2023-01-15 v3.1.10 (3.1.10)
\pgf@pt@x=\dimen345
\pgf@pt@y=\dimen346
\pgf@pt@temp=\dimen347
) (/usr/local/texlive/2025/texmf-dist/tex/generic/pgf/basiclayer/pgfcorequick.code.tex
File: pgfcorequick.code.tex 2023-01-15 v3.1.10 (3.1.10)
) (/usr/local/texlive/2025/texmf-dist/tex/generic/pgf/basiclayer/pgfcoreobjects.code.tex
File: pgfcoreobjects.code.tex 2023-01-15 v3.1.10 (3.1.10)
) (/usr/local/texlive/2025/texmf-dist/tex/generic/pgf/basiclayer/pgfcorepathprocessing.code.tex
File: pgfcorepathprocessing.code.tex 2023-01-15 v3.1.10 (3.1.10)
) (/usr/local/texlive/2025/texmf-dist/tex/generic/pgf/basiclayer/pgfcorearrows.code.tex
File: pgfcorearrows.code.tex 2023-01-15 v3.1.10 (3.1.10)
\pgfarrowsep=\dimen348
) (/usr/local/texlive/2025/texmf-dist/tex/generic/pgf/basiclayer/pgfcoreshade.code.tex
File: pgfcoreshade.code.tex 2023-01-15 v3.1.10 (3.1.10)
\pgf@max=\dimen349
\pgf@sys@shading@range@num=\count504
\pgf@shadingcount=\count505
) (/usr/local/texlive/2025/texmf-dist/tex/generic/pgf/basiclayer/pgfcoreimage.code.tex
File: pgfcoreimage.code.tex 2023-01-15 v3.1.10 (3.1.10)
) (/usr/local/texlive/2025/texmf-dist/tex/generic/pgf/basiclayer/pgfcoreexternal.code.tex
File: pgfcoreexternal.code.tex 2023-01-15 v3.1.10 (3.1.10)
\pgfexternal@startupbox=\box143
) (/usr/local/texlive/2025/texmf-dist/tex/generic/pgf/basiclayer/pgfcorelayers.code.tex
File: pgfcorelayers.code.tex 2023-01-15 v3.1.10 (3.1.10)
) (/usr/local/texlive/2025/texmf-dist/tex/generic/pgf/basiclayer/pgfcoretransparency.code.tex
File: pgfcoretransparency.code.tex 2023-01-15 v3.1.10 (3.1.10)
) (/usr/local/texlive/2025/texmf-dist/tex/generic/pgf/basiclayer/pgfcorepatterns.code.tex
File: pgfcorepatterns.code.tex 2023-01-15 v3.1.10 (3.1.10)
) (/usr/local/texlive/2025/texmf-dist/tex/generic/pgf/basiclayer/pgfcorerdf.code.tex
File: pgfcorerdf.code.tex 2023-01-15 v3.1.10 (3.1.10)
))) (/usr/local/texlive/2025/texmf-dist/tex/generic/pgf/modules/pgfmoduleshapes.code.tex
File: pgfmoduleshapes.code.tex 2023-01-15 v3.1.10 (3.1.10)
\pgfnodeparttextbox=\box144
) (/usr/local/texlive/2025/texmf-dist/tex/generic/pgf/modules/pgfmoduleplot.code.tex
File: pgfmoduleplot.code.tex 2023-01-15 v3.1.10 (3.1.10)
) (/usr/local/texlive/2025/texmf-dist/tex/latex/pgf/compatibility/pgfcomp-version-0-65.sty
Package: pgfcomp-version-0-65 2023-01-15 v3.1.10 (3.1.10)
\pgf@nodesepstart=\dimen350
\pgf@nodesepend=\dimen351
) (/usr/local/texlive/2025/texmf-dist/tex/latex/pgf/compatibility/pgfcomp-version-1-18.sty
Package: pgfcomp-version-1-18 2023-01-15 v3.1.10 (3.1.10)
)) (/usr/local/texlive/2025/texmf-dist/tex/latex/pgf/utilities/pgffor.sty (/usr/local/texlive/2025/texmf-dist/tex/latex/pgf/utilities/pgfkeys.sty (/usr/local/texlive/2025/texmf-dist/tex/generic/pgf/utilities/pgfkeys.code.tex)) (/usr/local/texlive/2025/texmf-dist/tex/latex/pgf/math/pgfmath.sty
(/usr/local/texlive/2025/texmf-dist/tex/generic/pgf/math/pgfmath.code.tex)) (/usr/local/texlive/2025/texmf-dist/tex/generic/pgf/utilities/pgffor.code.tex
Package: pgffor 2023-01-15 v3.1.10 (3.1.10)
\pgffor@iter=\dimen352
\pgffor@skip=\dimen353
\pgffor@stack=\toks66
\pgffor@toks=\toks67
)) (/usr/local/texlive/2025/texmf-dist/tex/generic/pgf/frontendlayer/tikz/tikz.code.tex
Package: tikz 2023-01-15 v3.1.10 (3.1.10)
 (/usr/local/texlive/2025/texmf-dist/tex/generic/pgf/libraries/pgflibraryplothandlers.code.tex
File: pgflibraryplothandlers.code.tex 2023-01-15 v3.1.10 (3.1.10)
\pgf@plot@mark@count=\count506
\pgfplotmarksize=\dimen354
)
\tikz@lastx=\dimen355
\tikz@lasty=\dimen356
\tikz@lastxsaved=\dimen357
\tikz@lastysaved=\dimen358
\tikz@lastmovetox=\dimen359
\tikz@lastmovetoy=\dimen360
\tikzleveldistance=\dimen361
\tikzsiblingdistance=\dimen362
\tikz@figbox=\box145
\tikz@figbox@bg=\box146
\tikz@tempbox=\box147
\tikz@tempbox@bg=\box148
\tikztreelevel=\count507
\tikznumberofchildren=\count508
\tikznumberofcurrentchild=\count509
\tikz@fig@count=\count510
 (/usr/local/texlive/2025/texmf-dist/tex/generic/pgf/modules/pgfmodulematrix.code.tex
File: pgfmodulematrix.code.tex 2023-01-15 v3.1.10 (3.1.10)
\pgfmatrixcurrentrow=\count511
\pgfmatrixcurrentcolumn=\count512
\pgf@matrix@numberofcolumns=\count513
)
\tikz@expandcount=\count514
 (/usr/local/texlive/2025/texmf-dist/tex/generic/pgf/frontendlayer/tikz/libraries/tikzlibrarytopaths.code.tex
File: tikzlibrarytopaths.code.tex 2023-01-15 v3.1.10 (3.1.10)
))) (/usr/local/texlive/2025/texmf-dist/tex/latex/tcolorbox/tcolorbox.sty
Package: tcolorbox 2024/10/22 version 6.4.1 text color boxes
 (/usr/local/texlive/2025/texmf-dist/tex/latex/environ/environ.sty
Package: environ 2014/05/04 v0.3 A new way to define environments
 (/usr/local/texlive/2025/texmf-dist/tex/latex/trimspaces/trimspaces.sty
Package: trimspaces 2009/09/17 v1.1 Trim spaces around a token list
))
\tcb@titlebox=\box149
\tcb@upperbox=\box150
\tcb@lowerbox=\box151
\tcb@phantombox=\box152
\c@tcbbreakpart=\count515
\c@tcblayer=\count516
\c@tcolorbox@number=\count517
\l__tcobox_tmpa_box=\box153
\l__tcobox_tmpa_dim=\dimen363
\tcb@temp=\box154
\tcb@temp=\box155
\tcb@temp=\box156
\tcb@temp=\box157
) (/usr/local/texlive/2025/texmf-dist/tex/latex/tcolorbox/tcbskins.code.tex
Library (tcolorbox): 'tcbskins.code.tex' version '6.4.1'
(/usr/local/texlive/2025/texmf-dist/tex/latex/tikzfill/tikzfill.image.sty
Package: tikzfill.image 2023/08/08 v1.0.1 Image filling library for TikZ
 (/usr/local/texlive/2025/texmf-dist/tex/latex/tikzfill/tikzfill-common.sty
Package: tikzfill-common 2023/08/08 v1.0.1 Auxiliary code for tikzfill
) (/usr/local/texlive/2025/texmf-dist/tex/latex/tikzfill/tikzlibraryfill.image.code.tex
File: tikzlibraryfill.image.code.tex 2023/08/08 v1.0.1 Image filling library
\l__tikzfill_img_box=\box158
)) (/usr/local/texlive/2025/texmf-dist/tex/latex/tcolorbox/tcbskinsjigsaw.code.tex
Library (tcolorbox): 'tcbskinsjigsaw.code.tex' version '6.4.1'
)) (/usr/local/texlive/2025/texmf-dist/tex/latex/tcolorbox/tcbtheorems.code.tex
Library (tcolorbox): 'tcbtheorems.code.tex' version '6.4.1'
) (/usr/local/texlive/2025/texmf-dist/tex/latex/tcolorbox/tcbbreakable.code.tex
Library (tcolorbox): 'tcbbreakable.code.tex' version '6.4.1'
(/usr/local/texlive/2025/texmf-dist/tex/latex/pdfcol/pdfcol.sty
Package: pdfcol 2022-09-21 v1.7 Handle new color stacks for pdfTeX (HO)
)
Package pdfcol Info: New color stack `tcb@breakable' = 1 on input line 23.
\tcb@testbox=\box159
\tcb@totalupperbox=\box160
\tcb@totallowerbox=\box161
) (/usr/local/texlive/2025/texmf-dist/tex/latex/koma-script/scrlayer-scrpage.sty
Package: scrlayer-scrpage 2024/10/24 v3.43 KOMA-Script package (end user interface for scrlayer)
 (/usr/local/texlive/2025/texmf-dist/tex/latex/koma-script/scrlayer.sty
Package: scrlayer 2024/10/24 v3.43 KOMA-Script package (defining layers and page styles)
Package scrlayer Info: patching LaTeX kernel macro \pagestyle on input line 2182.
)
Package scrlayer-scrpage Info: Makeing stand-alone element `pagehead' from
(scrlayer-scrpage)             alias to `pageheadfoot' on input line 1106.
) (/usr/local/texlive/2025/texmf-dist/tex/generic/iftex/ifpdf.sty
Package: ifpdf 2019/10/25 v3.4 ifpdf legacy package. Use iftex instead.
) (/usr/local/texlive/2025/texmf-dist/tex/latex/psnfss/pifont.sty
Package: pifont 2020/03/25 PSNFSS-v9.3 Pi font support (SPQR) 
LaTeX Font Info:    Trying loading font information for U+pzd on input line 63.
 (/usr/local/texlive/2025/texmf-dist/tex/latex/psnfss/upzd.fd
File: upzd.fd 2001/06/04 font definitions for U/pzd.
)
LaTeX Font Info:    Trying loading font information for U+psy on input line 64.
 (/usr/local/texlive/2025/texmf-dist/tex/latex/psnfss/upsy.fd
File: upsy.fd 2001/06/04 font definitions for U/psy.
)) (/usr/local/texlive/2025/texmf-dist/tex/latex/relsize/relsize.sty
Package: relsize 2013/03/29 ver 4.1
) (/usr/local/texlive/2025/texmf-dist/tex/latex/marginnote/marginnote.sty
Package: marginnote 2018/08/09 1.4b non floating margin notes for LaTeX
\c@mn@abspage=\count518
) (/usr/local/texlive/2025/texmf-dist/tex/latex/morefloats/morefloats.sty
Package: morefloats 2025/01/28 v1.1a Raise limit of unprocessed floats (HMM)
Package morefloats Info: Maximum number of possible floats asked for: 36
(morefloats)             (i.e. 18 more floats).
(morefloats)             LaTeX might run out of memory before this
(morefloats)             (in which case it will notify you).
) (/usr/local/texlive/2025/texmf-dist/tex/latex/cleveref/cleveref.sty
Package: cleveref 2018/03/27 v0.21.4 Intelligent cross-referencing
Package cleveref Info: `hyperref' support loaded on input line 2370.
LaTeX Info: Redefining \cref on input line 2370.
LaTeX Info: Redefining \Cref on input line 2370.
LaTeX Info: Redefining \crefrange on input line 2370.
LaTeX Info: Redefining \Crefrange on input line 2370.
LaTeX Info: Redefining \cpageref on input line 2370.
LaTeX Info: Redefining \Cpageref on input line 2370.
LaTeX Info: Redefining \cpagerefrange on input line 2370.
LaTeX Info: Redefining \Cpagerefrange on input line 2370.
LaTeX Info: Redefining \labelcref on input line 2370.
LaTeX Info: Redefining \labelcpageref on input line 2370.
Package cleveref Info: `amsthm' support loaded on input line 3026.
Package cleveref Info: include cross-reference names in hyperlinks on input line 7836.
Package cleveref Info: include cross-reference names in hyperlinks on input line 7852.
)
Package hyperref Info: Option `bookmarksnumbered' set `true' on input line 126.
Package hyperref Info: Option `bookmarksopen' set `true' on input line 126.
Package hyperref Info: Option `colorlinks' set `true' on input line 126.
Package hyperref Info: Option `plainpages' set `false' on input line 126.
(load cache: extra_lmromancaps10-regular.luc)
LaTeX Font Info:    Font shape `JT3/mc/m/n' will be
(Font)              scaled to size 10.53629pt on input line 170.
LaTeX Font Info:    Font shape `JY3/mc/m/n' will be
(Font)              scaled to size 10.53629pt on input line 170.
(load cache: extra_lmroman10-italic.luc)(load cache: extra_lmroman10-bolditalic.luc)

Package fontspec Info: 
(fontspec)             Font family 'lmroman10-regular.otf(0)' created for font
(fontspec)             'lmroman10-regular.otf' with options
(fontspec)             [Ligatures=TeX,Path=./fonts/,ItalicFont =
(fontspec)             lmroman10-italic.otf,SmallCapsFont =
(fontspec)             lmromancaps10-regular.otf,BoldFont =
(fontspec)             lmroman10-bold.otf,BoldItalicFont =
(fontspec)             lmroman10-bolditalic.otf,Ligatures = {Common,
(fontspec)             Discretionary, TeX}].
(fontspec)              
(fontspec)              This font family consists of the following NFSS
(fontspec)             series/shapes:
(fontspec)              
(fontspec)             - 'normal' (m/n) with NFSS spec.:
(fontspec)             <->"[./fonts/lmroman10-regular.otf]:mode=node;script=latn;language=dflt;+liga;+dlig;+tlig;"
(fontspec)             - 'small caps'  (m/sc) with NFSS spec.:
(fontspec)             <->"[./fonts/lmromancaps10-regular.otf]:mode=node;script=latn;language=dflt;+liga;+dlig;+tlig;"
(fontspec)             - 'bold' (b/n) with NFSS spec.:
(fontspec)             <->"[./fonts/lmroman10-bold.otf]:mode=node;script=latn;language=dflt;+liga;+dlig;+tlig;"
(fontspec)             - 'bold small caps'  (b/sc) with NFSS spec.:
(fontspec)             <->"[./fonts/lmromancaps10-regular.otf]:mode=node;script=latn;language=dflt;+liga;+dlig;+tlig;"
(fontspec)             - 'italic' (m/it) with NFSS spec.:
(fontspec)             <->"[./fonts/lmroman10-italic.otf]:mode=node;script=latn;language=dflt;+liga;+dlig;+tlig;"
(fontspec)             - 'italic small caps'  (m/scit) with NFSS spec.:
(fontspec)             <->"[./fonts/lmromancaps10-regular.otf]:mode=node;script=latn;language=dflt;+liga;+dlig;+tlig;"
(fontspec)             - 'bold italic' (b/it) with NFSS spec.:
(fontspec)             <->"[./fonts/lmroman10-bolditalic.otf]:mode=node;script=latn;language=dflt;+liga;+dlig;+tlig;"
(fontspec)             - 'bold italic small caps'  (b/scit) with NFSS spec.:
(fontspec)             <->"[./fonts/lmromancaps10-regular.otf]:mode=node;script=latn;language=dflt;+liga;+dlig;+tlig;"

(load cache: extra_lmsans10-regular.luc)(load cache: extra_lmsans10-bold.luc)(load cache: extra_lmsans10-oblique.luc)(load cache: extra_lmsans10-boldoblique.luc)

Package fontspec Info: 
(fontspec)             Font family 'lmsans10-regular.otf(0)' created for font
(fontspec)             'lmsans10-regular.otf' with options
(fontspec)             [Ligatures=TeX,Path=./fonts/,ItalicFont =
(fontspec)             lmsans10-oblique.otf,BoldFont =
(fontspec)             lmsans10-bold.otf,BoldItalicFont =
(fontspec)             lmsans10-boldoblique.otf,Ligatures = {Common,
(fontspec)             Discretionary, TeX}].
(fontspec)              
(fontspec)              This font family consists of the following NFSS
(fontspec)             series/shapes:
(fontspec)              
(fontspec)             - 'normal' (m/n) with NFSS spec.:
(fontspec)             <->"[./fonts/lmsans10-regular.otf]:mode=node;script=latn;language=dflt;+liga;+dlig;+tlig;"
(fontspec)             - 'bold' (b/n) with NFSS spec.:
(fontspec)             <->"[./fonts/lmsans10-bold.otf]:mode=node;script=latn;language=dflt;+liga;+dlig;+tlig;"
(fontspec)             - 'italic' (m/it) with NFSS spec.:
(fontspec)             <->"[./fonts/lmsans10-oblique.otf]:mode=node;script=latn;language=dflt;+liga;+dlig;+tlig;"
(fontspec)             - 'bold italic' (b/it) with NFSS spec.:
(fontspec)             <->"[./fonts/lmsans10-boldoblique.otf]:mode=node;script=latn;language=dflt;+liga;+dlig;+tlig;"

luaotfload | cache : Lookup cache loaded from /Users/kurtpan/Library/texlive/2025/texmf-var/luatex-cache/generic/names/luaotfload-lookup-cache.luc.(load cache: extra_lxgwwenkaiscreen.luc)

Package fontspec Info: 
(fontspec)             LXGW WenKai Screen scale = 0.96221923828125.


Package fontspec Info: 
(fontspec)             LXGW WenKai Screen scale = 0.96221923828125.


Package fontspec Info: 
(fontspec)             LXGW WenKai Screen scale = 0.96221923828125.

(load cache: extra_lxgwwenkai-regular.luc)

Package fontspec Info: 
(fontspec)             LXGW WenKai scale = 0.96221923828125.


Package fontspec Info: 
(fontspec)             LXGW WenKai scale = 0.96221923828125.


Package fontspec Info: 
(fontspec)             LXGW WenKai Screen scale = 0.96221923828125.


Package fontspec Info: 
(fontspec)             LXGW WenKai Screen scale = 0.96221923828125.


Package fontspec Info: 
(fontspec)             LXGW WenKai scale = 0.96221923828125.


Package fontspec Info: 
(fontspec)             LXGW WenKai scale = 0.96221923828125.


Package fontspec Info: 
(fontspec)             Font family 'LXGWWenKaiScreen(0)' created for font
(fontspec)             'LXGW WenKai Screen' with options
(fontspec)             [YokoFeatures={JFM=ujis},TateFeatures={JFM=ujisv},Scale=0.96221923828125,Kerning=Off,Script=CJK,BoldFont
(fontspec)             = LXGW WenKai,BoldFeatures = {FakeBold=2.5},ItalicFont
(fontspec)             = LXGW WenKai Screen,ItalicFeatures =
(fontspec)             {FakeSlant=0.2},BoldItalicFont = LXGW
(fontspec)             WenKai,BoldItalicFeatures =
(fontspec)             {FakeBold=2.5,FakeSlant=0.2},YokoFeatures =
(fontspec)             {JFM=ujis},TateFeatures = {JFM=ujisv}].
(fontspec)              
(fontspec)              This font family consists of the following NFSS
(fontspec)             series/shapes:
(fontspec)              

LaTeX Font Info:    Redeclaring symbol font `mincho' on input line 190.
LaTeX Font Info:    Overwriting symbol font `mincho' in version `normal'
(Font)                  JY3/mc/m/n --> JY3/LXGWWenKaiScreen(0)/m/n on input line 190.
LaTeX Font Info:    Overwriting symbol font `mincho' in version `bold'
(Font)                  JY3/gt/m/n --> JY3/LXGWWenKaiScreen(0)/m/n on input line 190.
LaTeX Font Info:    Overwriting symbol font `mincho' in version `bold'
(Font)                  JY3/LXGWWenKaiScreen(0)/m/n --> JY3/LXGWWenKaiScreen(0)/b/n on input line 190.
LaTeX Font Info:    Font shape `JT3/LXGWWenKaiScreen(0)/m/n' will be
(Font)              scaled to size 9.6222pt on input line 190.
LaTeX Font Info:    Font shape `JY3/LXGWWenKaiScreen(0)/m/n' will be
(Font)              scaled to size 9.6222pt on input line 190.

Package fontspec Info: 
(fontspec)             LXGW WenKai Screen scale = 0.96221923828125.


Package fontspec Info: 
(fontspec)             LXGW WenKai Screen scale = 0.96221923828125.

LaTeX Font Info:    Font shape `JT3/LXGWWenKaiScreen(0)/m/n' will be
(Font)              scaled to size 10.53629pt on input line 205.
LaTeX Font Info:    Font shape `JY3/LXGWWenKaiScreen(0)/m/n' will be
(Font)              scaled to size 10.53629pt on input line 205.

Package fontspec Info: 
(fontspec)             LXGW WenKai Screen scale = 0.96221923828125.


Package fontspec Info: 
(fontspec)             LXGW WenKai scale = 0.96221923828125.


Package fontspec Info: 
(fontspec)             LXGW WenKai scale = 0.96221923828125.


Package fontspec Info: 
(fontspec)             LXGW WenKai Screen scale = 0.96221923828125.


Package fontspec Info: 
(fontspec)             LXGW WenKai Screen scale = 0.96221923828125.


Package fontspec Info: 
(fontspec)             LXGW WenKai scale = 0.96221923828125.


Package fontspec Info: 
(fontspec)             LXGW WenKai scale = 0.96221923828125.


Package fontspec Info: 
(fontspec)             Font family 'LXGWWenKaiScreen(1)' created for font
(fontspec)             'LXGW WenKai Screen' with options
(fontspec)             [YokoFeatures={JFM=ujis},TateFeatures={JFM=ujisv},Scale=0.96221923828125,Kerning=Off,Script=CJK,BoldFont=LXGW
(fontspec)             WenKai,BoldFeatures={FakeBold=2.5},ItalicFont=LXGW
(fontspec)             WenKai
(fontspec)             Screen,ItalicFeatures={FakeSlant=0.2},BoldItalicFont=LXGW
(fontspec)             WenKai,BoldItalicFeatures={FakeBold=2.5,FakeSlant=0.2}].
(fontspec)              
(fontspec)              This font family consists of the following NFSS
(fontspec)             series/shapes:
(fontspec)              

\c@theorem=\count519
\c@tcb@cnt@ImportantDefinition=\count520
\c@tcb@cnt@ImportantTheorem=\count521
\c@tcb@cnt@ImportantConstruction=\count522
Package biblatex Info: Delimiter 'nametitledelim' in context 'bib' already defined, overwriting on input line 515.
\tnwpart=\skip118
\tnwchapter=\skip119
\tnwsection=\skip120
\tipart=\skip121
\tichapter=\skip122
\tisection=\skip123
\tmpdim=\skip124
) (/usr/local/texlive/2025/texmf-dist/tex/latex/ccicons/ccicons.sty
Package: ccicons 2017/10/30 v1.6 LaTeX support for Creative Commons icons
) (/usr/local/texlive/2025/texmf-dist/tex/latex/csquotes/csquotes.sty
Package: csquotes 2024-04-04 v5.2o context-sensitive quotations (JAW)
\csq@reset=\count523
\csq@gtype=\count524
\csq@glevel=\count525
\csq@qlevel=\count526
\csq@maxlvl=\count527
\csq@tshold=\count528
\csq@ltx@everypar=\toks68
 (/usr/local/texlive/2025/texmf-dist/tex/latex/csquotes/csquotes.def
File: csquotes.def 2024-04-04 v5.2o csquotes generic definitions (JAW)
)
Package csquotes Info: Trying to load configuration file 'csquotes.cfg'...
Package csquotes Info: ... configuration file loaded successfully.
 (/usr/local/texlive/2025/texmf-dist/tex/latex/csquotes/csquotes.cfg
File: csquotes.cfg 
)) (/usr/local/texlive/2025/texmf-dist/tex/luatex/luatexja/patches/lltjp-array.sty
Package: lltjp-array 2024-07-21 Patch to array for LuaTeX-ja
) (./snargs-book-zh.aux

LaTeX Warning: Label `section:rom-lazy-sampling' multiply defined.


LaTeX Warning: Label `section:rom-lazy-sampling@cref' multiply defined.


LaTeX Warning: Label `section:narg-from-sp-adaptive-soundness' multiply defined.


LaTeX Warning: Label `section:narg-from-sp-adaptive-soundness@cref' multiply defined.


LaTeX Warning: Label `lemma:narg-from-sp-adaptive-soundness' multiply defined.


LaTeX Warning: Label `lemma:narg-from-sp-adaptive-soundness@cref' multiply defined.


LaTeX Warning: Label `section:narg-from-sp-zero-knowledge' multiply defined.


LaTeX Warning: Label `section:narg-from-sp-zero-knowledge@cref' multiply defined.


LaTeX Warning: Label `lemma:narg-from-sp-zero-knowledge' multiply defined.


LaTeX Warning: Label `lemma:narg-from-sp-zero-knowledge@cref' multiply defined.


LaTeX Warning: Label `section:narg-from-sp-construction' multiply defined.


LaTeX Warning: Label `section:narg-from-sp-construction@cref' multiply defined.


LaTeX Warning: Label `section:narg-from-sp-adaptive-soundness' multiply defined.


LaTeX Warning: Label `section:narg-from-sp-adaptive-soundness@cref' multiply defined.


LaTeX Warning: Label `section:narg-from-sp-zero-knowledge' multiply defined.


LaTeX Warning: Label `section:narg-from-sp-zero-knowledge@cref' multiply defined.


LaTeX Warning: Label `section:ss-to-sr-knowledge-soundness' multiply defined.


LaTeX Warning: Label `section:ss-to-sr-knowledge-soundness@cref' multiply defined.


LaTeX Warning: Label `theorem:ss-to-sr-knowledge-soundness-for-ip' multiply defined.


LaTeX Warning: Label `theorem:ss-to-sr-knowledge-soundness-for-ip@cref' multiply defined.


LaTeX Warning: Label `lemma:ss-ip-to-sr-knowledge-soundness' multiply defined.


LaTeX Warning: Label `lemma:ss-ip-to-sr-knowledge-soundness@cref' multiply defined.

)
\openout1 = snargs-book-zh.aux

LaTeX Font Info:    Checking defaults for OML/cmm/m/it on input line 879.
LaTeX Font Info:    ... okay on input line 879.
LaTeX Font Info:    Checking defaults for OMS/cmsy/m/n on input line 879.
LaTeX Font Info:    ... okay on input line 879.
LaTeX Font Info:    Checking defaults for OT1/cmr/m/n on input line 879.
LaTeX Font Info:    ... okay on input line 879.
LaTeX Font Info:    Checking defaults for T1/cmr/m/n on input line 879.
LaTeX Font Info:    ... okay on input line 879.
LaTeX Font Info:    Checking defaults for TS1/cmr/m/n on input line 879.
LaTeX Font Info:    ... okay on input line 879.
LaTeX Font Info:    Checking defaults for TU/lmr/m/n on input line 879.
LaTeX Font Info:    ... okay on input line 879.
LaTeX Font Info:    Checking defaults for OMX/cmex/m/n on input line 879.
LaTeX Font Info:    ... okay on input line 879.
LaTeX Font Info:    Checking defaults for U/cmr/m/n on input line 879.
LaTeX Font Info:    ... okay on input line 879.
LaTeX Font Info:    Checking defaults for PD1/pdf/m/n on input line 879.
LaTeX Font Info:    ... okay on input line 879.
LaTeX Font Info:    Checking defaults for PU/pdf/m/n on input line 879.
LaTeX Font Info:    ... okay on input line 879.
LaTeX Font Info:    Checking defaults for JY3/mc/m/n on input line 879.
LaTeX Font Info:    ... okay on input line 879.
LaTeX Font Info:    Checking defaults for JT3/mc/m/n on input line 879.
LaTeX Font Info:    ... okay on input line 879.
Package scrbase Info: activating american \partname on input line 879.
Package scrbase Info: activating american \chaptername on input line 879.
Package scrbase Info: activating american \appendixname on input line 879.
Package scrbase Info: activating american \figurename on input line 879.
Package scrbase Info: activating american \tablename on input line 879.
Package scrbase Info: activating american \contentsname on input line 879.
Package scrbase Info: activating american \listfigurename on input line 879.
Package scrbase Info: activating american \listtablename on input line 879.
Package scrbase Info: activating american \bibname on input line 879.
Package scrbase Info: activating american \indexname on input line 879.

*geometry* driver: auto-detecting
*geometry* detected driver: luatex
*geometry* verbose mode - [ preamble ] result:
* driver: luatex
* paper: a4paper
* layout: <same size as paper>
* layoutoffset:(h,v)=(0.0pt,0.0pt)
* hratio: 1:1
* vratio: 4:3
* modes: 
* h-part:(L,W,R)=(74.68848pt, 448.1309pt, 74.68849pt)
* v-part:(T,H,B)=(120.72095pt, 633.78513pt, 90.54077pt)
* \paperwidth=597.50787pt
* \paperheight=845.04684pt
* \textwidth=448.1309pt
* \textheight=633.78513pt
* \oddsidemargin=2.41849pt
* \evensidemargin=2.41849pt
* \topmargin=-48.44905pt
* \headheight=76.5pt
* \headsep=16.0pt
* \topskip=11.0pt
* \footskip=47.6pt
* \marginparwidth=89.62619pt
* \marginparsep=12.8401pt
* \columnsep=10.0pt
* \skip\footins=10.0pt plus 4.0pt minus 2.0pt
* \hoffset=0.0pt
* \voffset=0.0pt
* \mag=1000
* \@twocolumnfalse
* \@twosidefalse
* \@mparswitchfalse
* \@reversemarginfalse
* (1in=72.27pt=25.4mm, 1cm=28.453pt)

Package caption Info: Begin \AtBeginDocument code.
Package caption Info: float package is loaded.
Package caption Info: hyperref package is loaded.
Package caption Info: End \AtBeginDocument code.
Package microtype Info: Patching varwidth to enable character protrusion.
\MT@vwid@leftmargin=\dimen364
\MT@vwid@rightmargin=\dimen365
LaTeX Info: Redefining \microtypecontext on input line 879.
Package microtype Info: Applying patch `item' on input line 879.
Package microtype Info: Applying patch `toc' on input line 879.
Package microtype Info: Applying patch `eqnum' on input line 879.
Package microtype Info: Applying patch `footnote' on input line 879.
Package microtype Info: Applying patch `verbatim' on input line 879.
LaTeX Info: Redefining \microtypesetup on input line 879.
Package microtype Info: Generating PDF output.
Package microtype Info: Character protrusion enabled (level 2).
Package microtype Info: Using default protrusion set `alltext'.
Package microtype Info: Automatic font expansion enabled (level 2),
(microtype)             stretch: 20, shrink: 20, step: 1, non-selected.
Package microtype Info: Using default expansion set `alltext-nott'.
LaTeX Info: Redefining \showhyphens on input line 879.
Package microtype Info: No adjustment of tracking.
Package microtype Info: No adjustment of spacing.
Package microtype Info: No adjustment of kerning.
Package microtype Info: Loading generic protrusion settings for font family
(microtype)             `lmroman10-regular.otf' (encoding: TU).
(microtype)             For optimal results, create family-specific settings.
(microtype)             See the microtype manual for details.
(/usr/local/texlive/2025/texmf-dist/tex/context/base/mkii/supp-pdf.mkii
[Loading MPS to PDF converter (version 2006.09.02).]
\scratchcounter=\count529
\scratchdimen=\dimen366
\scratchbox=\box162
\nofMPsegments=\count530
\nofMParguments=\count531
\everyMPshowfont=\toks69
\MPscratchCnt=\count532
\MPscratchDim=\dimen367
\MPnumerator=\count533
\makeMPintoPDFobject=\count534
\everyMPtoPDFconversion=\toks70
) (/usr/local/texlive/2025/texmf-dist/tex/latex/epstopdf-pkg/epstopdf-base.sty
Package: epstopdf-base 2020-01-24 v2.11 Base part for package epstopdf
Package epstopdf-base Info: Redefining graphics rule for `.eps' on input line 485.
 (/usr/local/texlive/2025/texmf-dist/tex/latex/latexconfig/epstopdf-sys.cfg
File: epstopdf-sys.cfg 2010/07/13 v1.3 Configuration of (r)epstopdf for TeX Live
))
Package hyperref Info: Link coloring ON on input line 879.
\Etoc@tf=\read7

Package fontspec Info: 
(fontspec)             Adjusting the maths setup (use [no-math] to avoid
(fontspec)             this).

\symlegacymaths=\mathgroup13
LaTeX Font Info:    Overwriting symbol font `legacymaths' in version `bold'
(Font)                  OT1/cmr/m/n --> OT1/cmr/bx/n on input line 879.
LaTeX Font Info:    Redeclaring math accent \acute on input line 879.
LaTeX Font Info:    Redeclaring math accent \grave on input line 879.
LaTeX Font Info:    Redeclaring math accent \ddot on input line 879.
LaTeX Font Info:    Redeclaring math accent \tilde on input line 879.
LaTeX Font Info:    Redeclaring math accent \bar on input line 879.
LaTeX Font Info:    Redeclaring math accent \breve on input line 879.
LaTeX Font Info:    Redeclaring math accent \check on input line 879.
LaTeX Font Info:    Redeclaring math accent \hat on input line 879.
LaTeX Font Info:    Redeclaring math accent \dot on input line 879.
LaTeX Font Info:    Redeclaring math accent \mathring on input line 879.
LaTeX Font Info:    Redeclaring math symbol \Gamma on input line 879.
LaTeX Font Info:    Redeclaring math symbol \Delta on input line 879.
LaTeX Font Info:    Redeclaring math symbol \Theta on input line 879.
LaTeX Font Info:    Redeclaring math symbol \Lambda on input line 879.
LaTeX Font Info:    Redeclaring math symbol \Xi on input line 879.
LaTeX Font Info:    Redeclaring math symbol \Pi on input line 879.
LaTeX Font Info:    Redeclaring math symbol \Sigma on input line 879.
LaTeX Font Info:    Redeclaring math symbol \Upsilon on input line 879.
LaTeX Font Info:    Redeclaring math symbol \Phi on input line 879.
LaTeX Font Info:    Redeclaring math symbol \Psi on input line 879.
LaTeX Font Info:    Redeclaring math symbol \Omega on input line 879.
LaTeX Font Info:    Redeclaring math symbol \mathdollar on input line 879.
LaTeX Font Info:    Redeclaring symbol font `operators' on input line 879.
LaTeX Font Info:    Encoding `OT1' has changed to `TU' for symbol font
(Font)              `operators' in the math version `normal' on input line 879.
LaTeX Font Info:    Overwriting symbol font `operators' in version `normal'
(Font)                  OT1/cmr/m/n --> TU/lmroman10-regular.otf(0)/m/n on input line 879.
LaTeX Font Info:    Encoding `OT1' has changed to `TU' for symbol font
(Font)              `operators' in the math version `bold' on input line 879.
LaTeX Font Info:    Overwriting symbol font `operators' in version `bold'
(Font)                  OT1/cmr/bx/n --> TU/lmroman10-regular.otf(0)/m/n on input line 879.
LaTeX Font Info:    Overwriting symbol font `operators' in version `normal'
(Font)                  TU/lmroman10-regular.otf(0)/m/n --> TU/lmroman10-regular.otf(0)/m/n on input line 879.
LaTeX Font Info:    Overwriting math alphabet `\mathit' in version `normal'
(Font)                  OT1/cmr/m/it --> TU/lmroman10-regular.otf(0)/m/it on input line 879.
LaTeX Font Info:    Overwriting math alphabet `\mathbf' in version `normal'
(Font)                  OT1/cmr/bx/n --> TU/lmroman10-regular.otf(0)/b/n on input line 879.
LaTeX Font Info:    Overwriting math alphabet `\mathsf' in version `normal'
(Font)                  OT1/cmss/m/n --> TU/lmsans10-regular.otf(0)/m/n on input line 879.
LaTeX Font Info:    Overwriting math alphabet `\mathtt' in version `normal'
(Font)                  OT1/cmtt/m/n --> TU/lmtt/m/n on input line 879.
LaTeX Font Info:    Overwriting symbol font `operators' in version `bold'
(Font)                  TU/lmroman10-regular.otf(0)/m/n --> TU/lmroman10-regular.otf(0)/b/n on input line 879.
LaTeX Font Info:    Overwriting math alphabet `\mathit' in version `bold'
(Font)                  OT1/cmr/bx/it --> TU/lmroman10-regular.otf(0)/b/it on input line 879.
LaTeX Font Info:    Overwriting math alphabet `\mathsf' in version `bold'
(Font)                  OT1/cmss/bx/n --> TU/lmsans10-regular.otf(0)/b/n on input line 879.
LaTeX Font Info:    Overwriting math alphabet `\mathtt' in version `bold'
(Font)                  OT1/cmtt/m/n --> TU/lmtt/b/n on input line 879.
Package biblatex Info: Trying to load language 'american'...
Package biblatex Info: ... file 'american.lbx' found.
 (/usr/local/texlive/2025/texmf-dist/tex/latex/biblatex/lbx/american.lbx
File: american.lbx 2024/03/21 v3.20 biblatex localization (PK/MW)
Package biblatex Info: Trying to load language 'english'...
Package biblatex Info: ... file 'english.lbx' found.
 (/usr/local/texlive/2025/texmf-dist/tex/latex/biblatex/lbx/english.lbx
File: english.lbx 2024/03/21 v3.20 biblatex localization (PK/MW)
)
Package biblatex Info: Trying to load language 'english'...
Package biblatex Info: ... file 'english.lbx' found.
 (/usr/local/texlive/2025/texmf-dist/tex/latex/biblatex/lbx/english.lbx
File: english.lbx 2024/03/21 v3.20 biblatex localization (PK/MW)
))
Package biblatex Info: LuaTeX detected.
(biblatex)             Assuming input encoding 'utf8'.
Package biblatex Info: Automatic encoding selection.
(biblatex)             Assuming data encoding 'utf8'.

\openout3 = snargs-book-zh.bcf
Package biblatex Info: Trying to load bibliographic data...
Package biblatex Info: ... file 'snargs-book-zh.bbl' found.
 (./snargs-book-zh.bbl)
Package biblatex Info: Reference section=0 on input line 879.
Package biblatex Info: Reference segment=0 on input line 879.
Package microtype Info: Loading generic protrusion settings for font family
(microtype)             `lmsans10-regular.otf' (encoding: TU).
(microtype)             For optimal results, create family-specific settings.
(microtype)             See the microtype manual for details.
LaTeX Font Info:    Font shape `JT3/LXGWWenKaiScreen(0)/m/n' will be
(Font)              scaled to size 28.73186pt on input line 885.
LaTeX Font Info:    Font shape `JY3/LXGWWenKaiScreen(0)/m/n' will be
(Font)              scaled to size 28.73186pt on input line 885.
LaTeX Font Info:    Font shape `JT3/LXGWWenKaiScreen(0)/b/n' will be
(Font)              scaled to size 28.73186pt on input line 885.
LaTeX Font Info:    Font shape `JY3/LXGWWenKaiScreen(0)/b/n' will be
(Font)              scaled to size 28.73186pt on input line 885.
LaTeX Font Info:    Font shape `JT3/LXGWWenKaiScreen(0)/m/n' will be
(Font)              scaled to size 16.62714pt on input line 885.
LaTeX Font Info:    Font shape `JY3/LXGWWenKaiScreen(0)/m/n' will be
(Font)              scaled to size 16.62714pt on input line 885.
LaTeX Font Info:    Font shape `JT3/LXGWWenKaiScreen(0)/m/n' will be
(Font)              scaled to size 13.85594pt on input line 885.
LaTeX Font Info:    Font shape `JY3/LXGWWenKaiScreen(0)/m/n' will be
(Font)              scaled to size 13.85594pt on input line 885.


[1



{/usr/local/texlive/2025/texmf-var/fonts/map/pdftex/updmap/pdftex.map}]
LaTeX Font Info:    Trying loading font information for U+msa on input line 890.
 (/usr/local/texlive/2025/texmf-dist/tex/latex/amsfonts/umsa.fd
File: umsa.fd 2013/01/14 v3.01 AMS symbols A
) (/usr/local/texlive/2025/texmf-dist/tex/latex/microtype/mt-msa.cfg
File: mt-msa.cfg 2006/02/04 v1.1 microtype config. file: AMS symbols (a) (RS)
)
LaTeX Font Info:    Trying loading font information for U+msb on input line 890.
 (/usr/local/texlive/2025/texmf-dist/tex/latex/amsfonts/umsb.fd
File: umsb.fd 2013/01/14 v3.01 AMS symbols B
) (/usr/local/texlive/2025/texmf-dist/tex/latex/microtype/mt-msb.cfg
File: mt-msb.cfg 2005/06/01 v1.0 microtype config. file: AMS symbols (b) (RS)
)
LaTeX Font Info:    Trying loading font information for U+stmry on input line 890.
 (/usr/local/texlive/2025/texmf-dist/tex/latex/stmaryrd/Ustmry.fd) (/usr/local/texlive/2025/texmf-dist/tex/latex/microtype/mt-cmr.cfg
File: mt-cmr.cfg 2013/05/19 v2.2 microtype config. file: Computer Modern Roman (RS)
)

LaTeX Font Warning: Font shape `U/stmry/b/n' undefined
(Font)              using `U/stmry/m/n' instead on input line 890.

LaTeX Font Info:    Trying loading font information for U+rsfs on input line 890.
(/usr/local/texlive/2025/texmf-dist/tex/latex/jknapltx/ursfs.fd
File: ursfs.fd 1998/03/24 rsfs font definition file (jk)
)
LaTeX Font Info:    Font shape `JY3/LXGWWenKaiScreen(0)/m/n' will be
(Font)              scaled to size 7.69775pt on input line 890.
LaTeX Font Info:    Font shape `JY3/LXGWWenKaiScreen(0)/m/n' will be
(Font)              scaled to size 5.77332pt on input line 890.
<doclicense-CC-by-sa-88x31.pdf, id=17, 90.3375pt x 31.61812pt>
File: doclicense-CC-by-sa-88x31.pdf Graphic file (type pdf)
<use doclicense-CC-by-sa-88x31.pdf>
Package luatex.def Info: doclicense-CC-by-sa-88x31.pdf  used on input line 890.
(luatex.def)             Requested size: 109.49997pt x 38.32507pt.


[2</usr/local/texlive/2025/texmf-dist/tex/latex/doclicense/images/doclicense-CC-by-sa-88x31.pdf>]
\tf@toc=\write5

\openout5 = snargs-book-zh.toc
LaTeX Font Info:    Font shape `JT3/LXGWWenKaiScreen(0)/b/n' will be
(Font)              scaled to size 10.53629pt on input line 901.
LaTeX Font Info:    Font shape `JY3/LXGWWenKaiScreen(0)/b/n' will be
(Font)              scaled to size 10.53629pt on input line 901.
LaTeX Font Info:    Font shape `JT3/LXGWWenKaiScreen(0)/b/n' will be
(Font)              scaled to size 19.95642pt on input line 901.
LaTeX Font Info:    Font shape `JY3/LXGWWenKaiScreen(0)/b/n' will be
(Font)              scaled to size 19.95642pt on input line 901.
Package tocbasic Info: character protrusion at toc deactivated on input line 901.


LaTeX Font Info:    Font shape `TU/lmroman10-regular.otf(0)/m/sl' in size <10.95> not available
(Font)              Font shape `TU/lmroman10-regular.otf(0)/m/it' tried instead on input line 901.
LaTeX Font Info:    Font shape `JT3/LXGWWenKaiScreen(0)/m/sl' in size <10.95> not available
(Font)              Font shape `JT3/LXGWWenKaiScreen(0)/m/it' tried instead on input line 901.
LaTeX Font Info:    Font shape `JT3/LXGWWenKaiScreen(0)/m/it' will be
(Font)              scaled to size 10.53629pt on input line 901.
LaTeX Font Info:    Font shape `JY3/LXGWWenKaiScreen(0)/m/sl' in size <10.95> not available
(Font)              Font shape `JY3/LXGWWenKaiScreen(0)/m/it' tried instead on input line 901.
LaTeX Font Info:    Font shape `JY3/LXGWWenKaiScreen(0)/m/it' will be
(Font)              scaled to size 10.53629pt on input line 901.
LaTeX Font Info:    Font shape `TU/lmroman10-regular.otf(0)/b/sl' in size <10.95> not available
(Font)              Font shape `TU/lmroman10-regular.otf(0)/b/it' tried instead on input line 901.
LaTeX Font Info:    Font shape `JT3/LXGWWenKaiScreen(0)/b/sl' in size <10.95> not available
(Font)              Font shape `JT3/LXGWWenKaiScreen(0)/b/it' tried instead on input line 901.
LaTeX Font Info:    Font shape `JT3/LXGWWenKaiScreen(0)/b/it' will be
(Font)              scaled to size 10.53629pt on input line 901.
LaTeX Font Info:    Font shape `JY3/LXGWWenKaiScreen(0)/b/sl' in size <10.95> not available
(Font)              Font shape `JY3/LXGWWenKaiScreen(0)/b/it' tried instead on input line 901.
LaTeX Font Info:    Font shape `JY3/LXGWWenKaiScreen(0)/b/it' will be
(Font)              scaled to size 10.53629pt on input line 901.

Package fontspec Info: 
(fontspec)             lmsans10-regular scale = 1.


Package fontspec Info: 
(fontspec)             lmsans10-regular scale = 1.


Package fontspec Info: 
(fontspec)             lmsans10-bold scale = 1.


Package fontspec Info: 
(fontspec)             lmsans10-oblique scale = 1.


Package fontspec Info: 
(fontspec)             lmsans10-boldoblique scale = 1.


Package fontspec Info: 
(fontspec)             Font family 'lmsans10-regular.otf(1)' created for font
(fontspec)             'lmsans10-regular.otf' with options
(fontspec)             [Ligatures=TeX,Path=./fonts/,ItalicFont =
(fontspec)             lmsans10-oblique.otf,BoldFont =
(fontspec)             lmsans10-bold.otf,BoldItalicFont =
(fontspec)             lmsans10-boldoblique.otf,Ligatures = {Common,
(fontspec)             Discretionary, TeX},Scale=1].
(fontspec)              
(fontspec)              This font family consists of the following NFSS
(fontspec)             series/shapes:
(fontspec)              
(fontspec)             - 'normal' (m/n) with NFSS spec.:
(fontspec)             <->s*[1]"[./fonts/lmsans10-regular.otf]:mode=node;script=latn;language=dflt;+liga;+dlig;+tlig;"
(fontspec)             - 'bold' (b/n) with NFSS spec.:
(fontspec)             <->s*[1]"[./fonts/lmsans10-bold.otf]:mode=node;script=latn;language=dflt;+liga;+dlig;+tlig;"
(fontspec)             - 'italic' (m/it) with NFSS spec.:
(fontspec)             <->s*[1]"[./fonts/lmsans10-oblique.otf]:mode=node;script=latn;language=dflt;+liga;+dlig;+tlig;"
(fontspec)             - 'bold italic' (b/it) with NFSS spec.:
(fontspec)             <->s*[1]"[./fonts/lmsans10-boldoblique.otf]:mode=node;script=latn;language=dflt;+liga;+dlig;+tlig;"

LaTeX Font Info:    Font shape `TU/lmsans10-regular.otf(1)/b/n' will be
(Font)              scaled to size 10.95pt on input line 901.
[3


]


Package fontspec Info: 
(fontspec)             lmsans10-regular scale = .95.


Package fontspec Info: 
(fontspec)             lmsans10-regular scale = .95.


Package fontspec Info: 
(fontspec)             lmsans10-bold scale = .95.


Package fontspec Info: 
(fontspec)             lmsans10-oblique scale = .95.


Package fontspec Info: 
(fontspec)             lmsans10-boldoblique scale = .95.


Package fontspec Info: 
(fontspec)             Font family 'lmsans10-regular.otf(2)' created for font
(fontspec)             'lmsans10-regular.otf' with options
(fontspec)             [Ligatures=TeX,Path=./fonts/,ItalicFont =
(fontspec)             lmsans10-oblique.otf,BoldFont =
(fontspec)             lmsans10-bold.otf,BoldItalicFont =
(fontspec)             lmsans10-boldoblique.otf,Ligatures = {Common,
(fontspec)             Discretionary, TeX},Scale=.95].
(fontspec)              
(fontspec)              This font family consists of the following NFSS
(fontspec)             series/shapes:
(fontspec)              
(fontspec)             - 'normal' (m/n) with NFSS spec.:
(fontspec)             <->s*[.95]"[./fonts/lmsans10-regular.otf]:mode=node;script=latn;language=dflt;+liga;+dlig;+tlig;"
(fontspec)             - 'bold' (b/n) with NFSS spec.:
(fontspec)             <->s*[.95]"[./fonts/lmsans10-bold.otf]:mode=node;script=latn;language=dflt;+liga;+dlig;+tlig;"
(fontspec)             - 'italic' (m/it) with NFSS spec.:
(fontspec)             <->s*[.95]"[./fonts/lmsans10-oblique.otf]:mode=node;script=latn;language=dflt;+liga;+dlig;+tlig;"
(fontspec)             - 'bold italic' (b/it) with NFSS spec.:
(fontspec)             <->s*[.95]"[./fonts/lmsans10-boldoblique.otf]:mode=node;script=latn;language=dflt;+liga;+dlig;+tlig;"

LaTeX Font Info:    Font shape `TU/lmsans10-regular.otf(2)/b/n' will be
(Font)              scaled to size 10.40245pt on input line 902.

Package fontspec Info: 
(fontspec)             lmsans10-regular scale = 1.

[4]
chapter without number



Package fontspec Info: 
(fontspec)             lmsans10-regular scale = 1.

[5

]


Package fontspec Info: 
(fontspec)             lmsans10-regular scale = .95.


Package fontspec Info: 
(fontspec)             lmsans10-regular scale = 1.

[6]
chapter without number
LaTeX Font Info:    Font shape `JY3/LXGWWenKaiScreen(0)/m/n' will be
(Font)              scaled to size 6.73553pt on input line 934.
LaTeX Font Info:    Font shape `JY3/LXGWWenKaiScreen(0)/m/n' will be
(Font)              scaled to size 4.8111pt on input line 934.
LaTeX Font Info:    Font shape `JT3/LXGWWenKaiScreen(0)/m/it' will be
(Font)              scaled to size 9.6222pt on input line 934.
LaTeX Font Info:    Font shape `JY3/LXGWWenKaiScreen(0)/m/it' will be
(Font)              scaled to size 9.6222pt on input line 934.
(load cache: extra_lmmono10-regular.luc)
Package microtype Info: Loading generic protrusion settings for font family
(microtype)             `lmtt' (encoding: TU).
(microtype)             For optimal results, create family-specific settings.
(microtype)             See the microtype manual for details.
LaTeX Font Info:    Font shape `JT3/LXGWWenKaiScreen(0)/b/n' will be
(Font)              scaled to size 13.85594pt on input line 950.
LaTeX Font Info:    Font shape `JY3/LXGWWenKaiScreen(0)/b/n' will be
(Font)              scaled to size 13.85594pt on input line 950.
LaTeX Font Info:    Font shape `JT3/LXGWWenKaiScreen(0)/m/n' will be
(Font)              scaled to size 7.69775pt on input line 963.
LaTeX Font Info:    Font shape `JT3/LXGWWenKaiScreen(0)/m/n' will be
(Font)              scaled to size 8.65997pt on input line 963.
LaTeX Font Info:    Font shape `JY3/LXGWWenKaiScreen(0)/m/n' will be
(Font)              scaled to size 8.65997pt on input line 963.
LaTeX Font Info:    Font shape `JT3/LXGWWenKaiScreen(0)/m/n' will be
(Font)              scaled to size 5.77332pt on input line 963.



Package fontspec Info: 
(fontspec)             lmsans10-regular scale = 1.

[7

]
LaTeX Font Info:    Font shape `JT3/LXGWWenKaiScreen(0)/m/it' will be
(Font)              scaled to size 10.53629pt on input line 977.
LaTeX Font Info:    Font shape `JT3/LXGWWenKaiScreen(1)/m/it' will be
(Font)              scaled to size 10.53629pt on input line 977.
LaTeX Font Info:    Font shape `JY3/LXGWWenKaiScreen(1)/m/it' will be
(Font)              scaled to size 10.53629pt on input line 977.



Package fontspec Info: 
(fontspec)             lmsans10-regular scale = .95.


Package fontspec Info: 
(fontspec)             lmsans10-regular scale = 1.

[8]


Package fontspec Info: 
(fontspec)             lmsans10-regular scale = .95.


Package fontspec Info: 
(fontspec)             lmsans10-regular scale = 1.

[9]


Package fontspec Info: 
(fontspec)             lmsans10-regular scale = .95.


Package fontspec Info: 
(fontspec)             lmsans10-regular scale = 1.

[10

]
<./figs//part-dependency-diagram.pdf, id=217, 835.12pt x 683.55376pt>
File: ./figs//part-dependency-diagram.pdf Graphic file (type pdf)
<use ./figs//part-dependency-diagram.pdf>
Package luatex.def Info: ./figs//part-dependency-diagram.pdf  used on input line 1056.
(luatex.def)             Requested size: 313.69026pt x 256.75966pt.
<./figs//transformations-summary-diagram.pdf, id=218, 881.2925pt x 401.5pt>
File: ./figs//transformations-summary-diagram.pdf Graphic file (type pdf)
<use ./figs//transformations-summary-diagram.pdf>
Package luatex.def Info: ./figs//transformations-summary-diagram.pdf  used on input line 1063.
(luatex.def)             Requested size: 358.50609pt x 163.32951pt.



Package fontspec Info: 
(fontspec)             lmsans10-regular scale = .95.


Package fontspec Info: 
(fontspec)             lmsans10-regular scale = 1.

[11<./figs//part-dependency-diagram.pdf>]


Package fontspec Info: 
(fontspec)             lmsans10-regular scale = .95.


Package fontspec Info: 
(fontspec)             lmsans10-regular scale = 1.

[12<./figs//transformations-summary-diagram.pdf>]
chapter 1.



Package fontspec Info: 
(fontspec)             lmsans10-regular scale = 1.

[1


]
LaTeX Font Info:    Trying loading font information for U+bbm on input line 1169.
 (/usr/local/texlive/2025/texmf-dist/tex/latex/bbm-macros/ubbm.fd
File: ubbm.fd 1999/03/15 V 1.2 Font definition for bbm font - TH
)
<./figs//inclusive-exclusive-diagram.pdf, id=282, 258.9675pt x 283.0575pt>
File: ./figs//inclusive-exclusive-diagram.pdf Graphic file (type pdf)
<use ./figs//inclusive-exclusive-diagram.pdf>
Package luatex.def Info: ./figs//inclusive-exclusive-diagram.pdf  used on input line 1212.
(luatex.def)             Requested size: 134.44063pt x 146.95319pt.
LaTeX Font Info:    Font shape `JT3/LXGWWenKaiScreen(0)/m/it' will be
(Font)              scaled to size 7.69775pt on input line 1231.
LaTeX Font Info:    Font shape `JY3/LXGWWenKaiScreen(0)/m/it' will be
(Font)              scaled to size 7.69775pt on input line 1231.
LaTeX Font Info:    Font shape `JT3/LXGWWenKaiScreen(0)/m/it' will be
(Font)              scaled to size 5.77332pt on input line 1231.
LaTeX Font Info:    Font shape `JY3/LXGWWenKaiScreen(0)/m/it' will be
(Font)              scaled to size 5.77332pt on input line 1231.



Package fontspec Info: 
(fontspec)             lmsans10-regular scale = .95.


Package fontspec Info: 
(fontspec)             lmsans10-regular scale = 1.

[2]


Package fontspec Info: 
(fontspec)             lmsans10-regular scale = .95.


Package fontspec Info: 
(fontspec)             lmsans10-regular scale = 1.

[3<./figs//inclusive-exclusive-diagram.pdf>]


Package fontspec Info: 
(fontspec)             lmsans10-regular scale = .95.


Package fontspec Info: 
(fontspec)             lmsans10-regular scale = 1.

[4]


Package fontspec Info: 
(fontspec)             lmsans10-regular scale = .95.


Package fontspec Info: 
(fontspec)             lmsans10-regular scale = 1.

[5]


Package fontspec Info: 
(fontspec)             lmsans10-regular scale = .95.


Package fontspec Info: 
(fontspec)             lmsans10-regular scale = 1.

[6]


Package fontspec Info: 
(fontspec)             lmsans10-regular scale = .95.


Package fontspec Info: 
(fontspec)             lmsans10-regular scale = 1.

[7]


Package fontspec Info: 
(fontspec)             lmsans10-regular scale = .95.


Package fontspec Info: 
(fontspec)             lmsans10-regular scale = 1.

[8]
part I.
Package scrkbase Info: You've told me to use the font selection of the element
(scrkbase)             `partprefix' that is an alias of element `partnumber'
(scrkbase)              on input line 1751.
LaTeX Font Info:    Font shape `JT3/LXGWWenKaiScreen(0)/b/n' will be
(Font)              scaled to size 23.94002pt on input line 1751.
LaTeX Font Info:    Font shape `JY3/LXGWWenKaiScreen(0)/b/n' will be
(Font)              scaled to size 23.94002pt on input line 1751.


[9

]
*geometry* verbose mode - [ newgeometry ] result:
* driver: luatex
* paper: a4paper
* layout: <same size as paper>
* layoutoffset:(h,v)=(0.0pt,0.0pt)
* hratio: 1:1
* vratio: 1:1
* modes: 
* h-part:(L,W,R)=(97.09412pt, 403.31963pt, 97.09413pt)
* v-part:(T,H,B)=(63.37593pt, 718.29497pt, 63.37595pt)
* \paperwidth=597.50787pt
* \paperheight=845.04684pt
* \textwidth=403.31963pt
* \textheight=718.29497pt
* \oddsidemargin=24.82413pt
* \evensidemargin=24.82413pt
* \topmargin=-101.39406pt
* \headheight=76.5pt
* \headsep=16.0pt
* \topskip=11.0pt
* \footskip=47.6pt
* \marginparwidth=89.62619pt
* \marginparsep=12.8401pt
* \columnsep=10.0pt
* \skip\footins=10.0pt plus 4.0pt minus 2.0pt
* \hoffset=0.0pt
* \voffset=0.0pt
* \mag=1000
* \@twocolumnfalse
* \@twosidefalse
* \@mparswitchfalse
* \@reversemarginfalse
* (1in=72.27pt=25.4mm, 1cm=28.453pt)

LaTeX Font Info:    Font shape `JT3/LXGWWenKaiScreen(0)/b/n' will be
(Font)              scaled to size 18.2148pt on input line 1754.
LaTeX Font Info:    Font shape `JY3/LXGWWenKaiScreen(0)/b/n' will be
(Font)              scaled to size 18.2148pt on input line 1754.


[10


]
chapter 2.



Package fontspec Info: 
(fontspec)             lmsans10-regular scale = 1.

[11



]
LaTeX Font Info:    Font shape `JT3/LXGWWenKaiScreen(0)/b/it' will be
(Font)              scaled to size 10.53629pt on input line 1805.
LaTeX Font Info:    Font shape `JT3/LXGWWenKaiScreen(1)/b/it' will be
(Font)              scaled to size 10.53629pt on input line 1805.
LaTeX Font Info:    Font shape `JY3/LXGWWenKaiScreen(1)/b/it' will be
(Font)              scaled to size 10.53629pt on input line 1805.



Package fontspec Info: 
(fontspec)             lmsans10-regular scale = .95.


Package fontspec Info: 
(fontspec)             lmsans10-regular scale = 1.

[12]


Package fontspec Info: 
(fontspec)             lmsans10-regular scale = .95.


Package fontspec Info: 
(fontspec)             lmsans10-regular scale = 1.

[13]


Package fontspec Info: 
(fontspec)             lmsans10-regular scale = .95.


Package fontspec Info: 
(fontspec)             lmsans10-regular scale = 1.

[14]
LaTeX Font Info:    Font shape `JT3/LXGWWenKaiScreen(0)/b/n' will be
(Font)              scaled to size 11.54663pt on input line 1946.
LaTeX Font Info:    Font shape `JY3/LXGWWenKaiScreen(0)/b/n' will be
(Font)              scaled to size 11.54663pt on input line 1946.



Package fontspec Info: 
(fontspec)             lmsans10-regular scale = .95.


Package fontspec Info: 
(fontspec)             lmsans10-regular scale = 1.

[15]


Package fontspec Info: 
(fontspec)             lmsans10-regular scale = .95.


Package fontspec Info: 
(fontspec)             lmsans10-regular scale = 1.

[16]


Package fontspec Info: 
(fontspec)             lmsans10-regular scale = .95.


Package fontspec Info: 
(fontspec)             lmsans10-regular scale = 1.

[17]
chapter 3.

Overfull \hbox (14.26303pt too wide) detected at line 2144
[][]\OT1/cmr/m/n/10.95 (\OML/cmm/m/it/10.95 x; y\OT1/cmr/m/n/10.95 ) [] [] \OMS/cmsy/m/n/10.95 ^  \OML/cmm/m/it/10.95 f\OT1/cmr/m/n/10.95 (\OML/cmm/m/it/10.95 x\OT1/cmr/m/n/10.95 ) = \OML/cmm/m/it/10.95 y \OMS/cmsy/m/n/10.95 ^  :\OML/cmm/m/it/10.95 E [] f \OMS/cmsy/m/n/10.95   U\OT1/cmr/m/n/10.95 (\OML/cmm/m/it/10.95 \OT1/cmr/m/n/10.95 )\OML/cmm/m/it/10.95 ; \OT1/cmr/m/n/10.95 (\OML/cmm/m/it/10.95 x; y\OT1/cmr/m/n/10.95 ) [] \OML/cmm/m/it/10.95 A[][]  \OT1/cmr/m/n/10.95 =  [][]\OML/cmm/m/it/10.95 y[] \OT1/cmr/m/n/10.95 = \OML/cmm/m/it/10.95 y \OMS/cmsy/m/n/10.95 j \OML/cmm/m/it/10.95 y[] \OMS/cmsy/m/n/10.95   f\OT1/cmr/m/n/10.95 0\OML/cmm/m/it/10.95 ; \OT1/cmr/m/n/10.95 1\OMS/cmsy/m/n/10.95 g[][]  \OT1/cmr/m/n/10.95 =  []\OML/cmm/m/it/10.95 :
 []




Package fontspec Info: 
(fontspec)             lmsans10-regular scale = 1.

[18

]


Package fontspec Info: 
(fontspec)             lmsans10-regular scale = .95.


Package fontspec Info: 
(fontspec)             lmsans10-regular scale = 1.

[19]


Package fontspec Info: 
(fontspec)             lmsans10-regular scale = .95.


Package fontspec Info: 
(fontspec)             lmsans10-regular scale = 1.

[20]
LaTeX Font Info:    Font shape `JT3/LXGWWenKaiScreen(0)/m/n' will be
(Font)              scaled to size 11.54663pt on input line 2363.
LaTeX Font Info:    Font shape `JY3/LXGWWenKaiScreen(0)/m/n' will be
(Font)              scaled to size 11.54663pt on input line 2363.


LaTeX Warning: Reference `figure:iarg-diagram' on page 21 undefined on input line 2363.




Package fontspec Info: 
(fontspec)             lmsans10-regular scale = .95.


Package fontspec Info: 
(fontspec)             lmsans10-regular scale = 1.

[21]

LaTeX Warning: Reference `definition:arg-public-coin' on page 22 undefined on input line 2433.




Package fontspec Info: 
(fontspec)             lmsans10-regular scale = .95.


Package fontspec Info: 
(fontspec)             lmsans10-regular scale = 1.

[22]
chapter 4.

LaTeX Warning: Reference `definition:narg-adaptive-soundness' on page 1 undefined on input line 2448.


LaTeX Warning: Reference `definition:narg-nonadaptive-soundness' on page 1 undefined on input line 2448.

LaTeX Font Info:    Font shape `JT3/LXGWWenKaiScreen(0)/m/it' will be
(Font)              scaled to size 8.65997pt on input line 2450.
LaTeX Font Info:    Font shape `JY3/LXGWWenKaiScreen(0)/m/it' will be
(Font)              scaled to size 8.65997pt on input line 2450.
LaTeX Font Info:    Font shape `JT3/LXGWWenKaiScreen(1)/m/it' will be
(Font)              scaled to size 8.65997pt on input line 2450.
LaTeX Font Info:    Font shape `JY3/LXGWWenKaiScreen(1)/m/it' will be
(Font)              scaled to size 8.65997pt on input line 2450.



Package fontspec Info: 
(fontspec)             lmsans10-regular scale = 1.

[23

]
Overfull \hbox (8.28856pt too wide) detected at line 2538
[][]\OMS/cmsy/m/n/10.95 j\U/bbm/m/n/10.95 x\OMS/cmsy/m/n/10.95 j  \OML/cmm/m/it/10.95 n;  \OT1/cmr/m/n/10.95 (\U/bbm/m/n/10.95 x\OML/cmm/m/it/10.95 ; \U/bbm/m/n/10.95 w\OT1/cmr/m/n/10.95 ) [] \OMS/cmsy/m/n/10.95 R\OML/cmm/m/it/10.95 ;  \OMS/cmsy/m/n/10.95 V[]\OT1/cmr/m/n/10.95 (\U/bbm/m/n/10.95 x\OML/cmm/m/it/10.95 ; \OT1/cmr/m/n/10.95 ) = 1 [] [][][]  \OMS/cmsy/m/n/10.95   \OML/cmm/m/it/10.95 [][]; t; n; []\OT1/cmr/m/n/10.95 (\OML/cmm/m/it/10.95 ; n\OT1/cmr/m/n/10.95 )[]\OML/cmm/m/it/10.95 ;
 []




Package fontspec Info: 
(fontspec)             lmsans10-regular scale = .95.


Package fontspec Info: 
(fontspec)             lmsans10-regular scale = 1.

[24]

LaTeX Warning: Reference `definition:once-nonadaptive-zk-narg' on page 25 undefined on input line 2599.


LaTeX Warning: Reference `definition:once-adaptive-zk-narg' on page 25 undefined on input line 2634.


LaTeX Warning: Reference `definition:adaptive-wi-narg' on page 25 undefined on input line 2659.




Package fontspec Info: 
(fontspec)             lmsans10-regular scale = .95.


Package fontspec Info: 
(fontspec)             lmsans10-regular scale = 1.

[25]
chapter 5.

LaTeX Warning: Reference `section:lower-bound-on-argument-size' on page 1 undefined on input line 2677.




Package fontspec Info: 
(fontspec)             lmsans10-regular scale = 1.

[26

]

LaTeX Warning: Reference `definition:narg-nonadaptive-soundness' on page 1 undefined on input line 2817.


LaTeX Warning: Reference `definition:narg-adaptive-soundness' on page 1 undefined on input line 2817.




Package fontspec Info: 
(fontspec)             lmsans10-regular scale = .95.


Package fontspec Info: 
(fontspec)             lmsans10-regular scale = 1.

[27]


Package fontspec Info: 
(fontspec)             lmsans10-regular scale = .95.


Package fontspec Info: 
(fontspec)             lmsans10-regular scale = 1.

[28]


Package fontspec Info: 
(fontspec)             lmsans10-regular scale = .95.


Package fontspec Info: 
(fontspec)             lmsans10-regular scale = 1.

[29]

LaTeX Warning: Reference `section:lower-bound-on-argument-size' on page 1 undefined on input line 3010.


LaTeX Warning: Reference `definition:narg-completeness' on page 1 undefined on input line 3014.


LaTeX Warning: Reference `definition:narg-adaptive-soundness' on page 1 undefined on input line 3024.




Package fontspec Info: 
(fontspec)             lmsans10-regular scale = .95.


Package fontspec Info: 
(fontspec)             lmsans10-regular scale = 1.

[30]

LaTeX Warning: Reference `section:narg-basics' on page 1 undefined on input line 3114.


LaTeX Warning: Reference `definition:non-trivial-narg' on page 1 undefined on input line 3128.


LaTeX Warning: Reference `remark:trivial-argument-systems' on page 1 undefined on input line 3128.




Package fontspec Info: 
(fontspec)             lmsans10-regular scale = .95.


Package fontspec Info: 
(fontspec)             lmsans10-regular scale = 1.

[31]

LaTeX Warning: Reference `definition:non-trivial-narg' on page 1 undefined on input line 3147.




Package fontspec Info: 
(fontspec)             lmsans10-regular scale = .95.


Package fontspec Info: 
(fontspec)             lmsans10-regular scale = 1.

[32]

LaTeX Warning: Reference `definition:once-nonadaptive-zk-narg' on page 1 undefined on input line 3264.




Package fontspec Info: 
(fontspec)             lmsans10-regular scale = .95.


Package fontspec Info: 
(fontspec)             lmsans10-regular scale = 1.

[33]


Package fontspec Info: 
(fontspec)             lmsans10-regular scale = .95.


Package fontspec Info: 
(fontspec)             lmsans10-regular scale = 1.

[34]
chapter 6.

LaTeX Warning: Reference `section:narg-basics' on page 1 undefined on input line 3329.


LaTeX Warning: Reference `section:narg-basics' on page 1 undefined on input line 3343.




Package fontspec Info: 
(fontspec)             lmsans10-regular scale = 1.

[35

]
Overfull \hbox (50.52245pt too wide) detected at line 3420
[][]\OMS/cmsy/m/n/10.95 j\U/bbm/m/n/10.95 x\OMS/cmsy/m/n/10.95 j  \OML/cmm/m/it/10.95 n  \OMS/cmsy/m/n/10.95 ^  \OT1/cmr/m/n/10.95 (\U/bbm/m/n/10.95 x\OML/cmm/m/it/10.95 ; \U/bbm/m/n/10.95 w\OT1/cmr/m/n/10.95 ) [] \OMS/cmsy/m/n/10.95 R  ^  V[]\OT1/cmr/m/n/10.95 (\U/bbm/m/n/10.95 x\OML/cmm/m/it/10.95 ; \OT1/cmr/m/n/10.95 ) = 1 [] \OML/cmm/m/it/10.95 f  \OMS/cmsy/m/n/10.95    U\OT1/cmr/m/n/10.95 ([](\OML/cmm/m/it/10.95 ; n\OT1/cmr/m/n/10.95 ))\OML/cmm/m/it/10.95 ;  \OT1/cmr/m/n/10.95 (\U/bbm/m/n/10.95 x\OML/cmm/m/it/10.95 ; \OT1/cmr/m/n/10.95 ) [] []\OML/cmm/m/it/10.95 ;  \U/bbm/m/n/10.95 w  \OMS/cmsy/m/n/10.95    E\OT1/cmr/m/n/10.95 (\U/bbm/m/n/10.95 x\OML/cmm/m/it/10.95 ; ; []\OT1/cmr/m/n/10.95 )[] \OMS/cmsy/m/n/10.95  \OML/cmm/m/it/10.95 []\OT1/cmr/m/n/10.95 (\OML/cmm/m/it/10.95 ; t; n\OT1/cmr/m/n/10.95 )\OML/cmm/m/it/10.95 ;
 []


Overfull \hbox (178.80989pt too wide) detected at line 3460
[][]\OMS/cmsy/m/n/10.95 j\U/bbm/m/n/10.95 x\OMS/cmsy/m/n/10.95 j  \OML/cmm/m/it/10.95 n  \OMS/cmsy/m/n/10.95 ^  \OT1/cmr/m/n/10.95 (\U/bbm/m/n/10.95 x\OML/cmm/m/it/10.95 ; \U/bbm/m/n/10.95 w\OT1/cmr/m/n/10.95 ) [] \OMS/cmsy/m/n/10.95 R  ^  \OML/cmm/m/it/10.95 b \OT1/cmr/m/n/10.95 = 1 [] \OML/cmm/m/it/10.95 f  \OMS/cmsy/m/n/10.95    U\OT1/cmr/m/n/10.95 ([](\OML/cmm/m/it/10.95 ; n\OT1/cmr/m/n/10.95 ))\OML/cmm/m/it/10.95 ;  \OT1/cmr/m/n/10.95 (\U/bbm/m/n/10.95 x\OML/cmm/m/it/10.95 ; \OT1/cmr/m/n/10.95 ) [] []\OML/cmm/m/it/10.95 ;  b [] \OMS/cmsy/m/n/10.95 V[]\OT1/cmr/m/n/10.95 (\U/bbm/m/n/10.95 x\OML/cmm/m/it/10.95 ; \OT1/cmr/m/n/10.95 )\OML/cmm/m/it/10.95 ;  \U/bbm/m/n/10.95 w  \OMS/cmsy/m/n/10.95    E\OT1/cmr/m/n/10.95 (\U/bbm/m/n/10.95 x\OML/cmm/m/it/10.95 ; ; []; [][]; \OMS/cmsy/m/n/10.95 O[]\OT1/cmr/m/n/10.95 )[]  \OMS/cmsy/m/n/10.95   \OML/cmm/m/it/10.95 [][]; t; n; []\OT1/cmr/m/n/10.95 (\OML/cmm/m/it/10.95 ; n\OT1/cmr/m/n/10.95 )[]\OML/cmm/m/it/10.95 ;
 []


LaTeX Warning: Reference `construction:m2s' on page 1 undefined on input line 3504.




Package fontspec Info: 
(fontspec)             lmsans10-regular scale = .95.


Package fontspec Info: 
(fontspec)             lmsans10-regular scale = 1.

[36]

LaTeX Warning: Reference `lemma:multi-to-single-distribution' on page 1 undefined on input line 3529.


LaTeX Warning: Reference `lemma:multi-to-single-and-back-distribution' on page 1 undefined on input line 3532.


LaTeX Warning: Reference `lemma:multi-to-single-and-back-distribution' on page 1 undefined on input line 3542.


LaTeX Warning: Reference `lemma:multi-to-single-and-back-distribution' on page 1 undefined on input line 3551.


LaTeX Warning: Reference `lemma:multi-to-single-and-back2-distribution' on page 1 undefined on input line 3562.




Package fontspec Info: 
(fontspec)             lmsans10-regular scale = .95.


Package fontspec Info: 
(fontspec)             lmsans10-regular scale = 1.

[37]
part II.

Package hyperref Warning: Token not allowed in a PDF string (Unicode):
(hyperref)                removing `math shift' on input line 3569.


Package hyperref Warning: Token not allowed in a PDF string (Unicode):
(hyperref)                removing `\Sigma' on input line 3569.


Package hyperref Warning: Token not allowed in a PDF string (Unicode):
(hyperref)                removing `math shift' on input line 3569.

Package scrkbase Info: You've told me to use the font selection of the element
(scrkbase)             `partprefix' that is an alias of element `partnumber'
(scrkbase)              on input line 3569.
LaTeX Font Info:    Font shape `JY3/LXGWWenKaiScreen(0)/m/n' will be
(Font)              scaled to size 23.94002pt on input line 3569.
LaTeX Font Info:    Font shape `JY3/LXGWWenKaiScreen(0)/m/n' will be
(Font)              scaled to size 19.95642pt on input line 3569.


[38

]
*geometry* verbose mode - [ newgeometry ] result:
* driver: luatex
* paper: a4paper
* layout: <same size as paper>
* layoutoffset:(h,v)=(0.0pt,0.0pt)
* hratio: 1:1
* vratio: 1:1
* modes: 
* h-part:(L,W,R)=(97.09412pt, 403.31963pt, 97.09413pt)
* v-part:(T,H,B)=(63.37593pt, 718.29497pt, 63.37595pt)
* \paperwidth=597.50787pt
* \paperheight=845.04684pt
* \textwidth=403.31963pt
* \textheight=718.29497pt
* \oddsidemargin=24.82413pt
* \evensidemargin=24.82413pt
* \topmargin=-101.39406pt
* \headheight=76.5pt
* \headsep=16.0pt
* \topskip=11.0pt
* \footskip=47.6pt
* \marginparwidth=89.62619pt
* \marginparsep=12.8401pt
* \columnsep=10.0pt
* \skip\footins=10.0pt plus 4.0pt minus 2.0pt
* \hoffset=0.0pt
* \voffset=0.0pt
* \mag=1000
* \@twocolumnfalse
* \@twosidefalse
* \@mparswitchfalse
* \@reversemarginfalse
* (1in=72.27pt=25.4mm, 1cm=28.453pt)



[39


]
chapter 7.

Package hyperref Warning: Token not allowed in a PDF string (Unicode):
(hyperref)                removing `math shift' on input line 3578.


Package hyperref Warning: Token not allowed in a PDF string (Unicode):
(hyperref)                removing `\Sigma' on input line 3578.


Package hyperref Warning: Token not allowed in a PDF string (Unicode):
(hyperref)                removing `math shift' on input line 3578.

<./figs//sp-diagram.pdf, id=834, 390.45876pt x 193.72375pt>
File: ./figs//sp-diagram.pdf Graphic file (type pdf)
<use ./figs//sp-diagram.pdf>
Package luatex.def Info: ./figs//sp-diagram.pdf  used on input line 3616.
(luatex.def)             Requested size: 224.06544pt x 111.16858pt.



Package fontspec Info: 
(fontspec)             lmsans10-regular scale = 1.

[40



<./figs//sp-diagram.pdf>]

LaTeX Warning: Reference `definition:sp-knowledge-soundness' on page 1 undefined on input line 3671.


LaTeX Warning: Reference `definition:sp-failure-probability' on page 1 undefined on input line 3671.


LaTeX Warning: Reference `definition:sp-hvzk' on page 1 undefined on input line 3680.


LaTeX Warning: Reference `definition:sp-view' on page 1 undefined on input line 3680.




Package fontspec Info: 
(fontspec)             lmsans10-regular scale = .95.


Package fontspec Info: 
(fontspec)             lmsans10-regular scale = 1.

[41]
chapter 8.

LaTeX Warning: Reference `section:warmup-narg-from-sp-efficient-reduction' on page 1 undefined on input line 3763.




Package fontspec Info: 
(fontspec)             lmsans10-regular scale = 1.

[42


Missing character: There is no ─ (U+2500) in font [./fonts/lmroman10-regular.otf]:mode=node;script=latn;language=dflt;+liga;+dlig;+tlig;!
Missing character: There is no ─ (U+2500) in font [./fonts/lmroman10-regular.otf]:mode=node;script=latn;language=dflt;+liga;+dlig;+tlig;!
]


Package fontspec Info: 
(fontspec)             lmsans10-regular scale = .95.


Package fontspec Info: 
(fontspec)             lmsans10-regular scale = 1.

[43]
chapter 9.

LaTeX Warning: Reference `chapter:warmup-narg-from-sp-nonadaptive-security' on page 1 undefined on input line 3861.


LaTeX Warning: Reference `section:warmup-narg-from-sp' on page 1 undefined on input line 3869.


LaTeX Warning: Reference `section:warmup-narg-from-sp-no-adaptive-security' on page 1 undefined on input line 3869.

LaTeX Font Info:    Font shape `JY3/LXGWWenKaiScreen(0)/b/n' will be
(Font)              scaled to size 7.69775pt on input line 3881.
LaTeX Font Info:    Font shape `JY3/LXGWWenKaiScreen(0)/b/n' will be
(Font)              scaled to size 5.77332pt on input line 3881.



Package fontspec Info: 
(fontspec)             lmsans10-regular scale = 1.

[44

]
<./figs//fs-sp-diagram.pdf, id=922, 757.83125pt x 332.24126pt>
File: ./figs//fs-sp-diagram.pdf Graphic file (type pdf)
<use ./figs//fs-sp-diagram.pdf>
Package luatex.def Info: ./figs//fs-sp-diagram.pdf  used on input line 3943.
(luatex.def)             Requested size: 313.69026pt x 137.52774pt.



Package fontspec Info: 
(fontspec)             lmsans10-regular scale = .95.


Package fontspec Info: 
(fontspec)             lmsans10-regular scale = 1.

[45<./figs//fs-sp-diagram.pdf>]
Overfull \hbox (266.67159pt too wide) detected at line 4089
[][][][][]\OT1/cmr/m/n/10.95 (\U/bbm/m/n/10.95 x\OML/cmm/m/it/10.95 ; []; ; []\OT1/cmr/m/n/10.95 ) \OMS/cmsy/m/n/10.95 j \OT1/cmr/m/n/10.95 (\U/bbm/m/n/10.95 x\OML/cmm/m/it/10.95 ; []; []\OT1/cmr/m/n/10.95 ) \OMS/cmsy/m/n/10.95   []\OT1/cmr/m/n/10.95 (\OMS/cmsy/m/n/10.95 O[]\OT1/cmr/m/n/10.95 )\OML/cmm/m/it/10.95 ;   \OMS/cmsy/m/n/10.95   f\OT1/cmr/m/n/10.95 0\OML/cmm/m/it/10.95 ; \OT1/cmr/m/n/10.95 1\OMS/cmsy/m/n/10.95 g[]\OML/cmm/m/it/10.95 ;  [] \OMS/cmsy/m/n/10.95   []\OT1/cmr/m/n/10.95 ([]\OML/cmm/m/it/10.95 ; \OT1/cmr/m/n/10.95 )\OML/cmm/m/it/10.95 ;  [] \OMS/cmsy/m/n/10.95 6\OT1/cmr/m/n/10.95 = \OMS/cmsy/m/n/10.95 ?[]  []\OT1/cmr/m/n/10.95 (\U/bbm/m/n/10.95 x\OML/cmm/m/it/10.95 ; []; ; []\OT1/cmr/m/n/10.95 ) \OMS/cmsy/m/n/10.95 j \OML/cmm/m/it/10.95 f \OMS/cmsy/m/n/10.95   U\OT1/cmr/m/n/10.95 (\TU/lmsans10-regular.otf(0)/m/n/10.95 r\OT1/cmr/m/n/10.95 )\OML/cmm/m/it/10.95 ;  \OT1/cmr/m/n/10.95 (\U/bbm/m/n/10.95 x\OML/cmm/m/it/10.95 ; \OT1/cmr/m/n/10.95 (\OML/cmm/m/it/10.95 []; []; \OT1/cmr/m/n/10.95 )) \OMS/cmsy/m/n/10.95   []\OML/cmm/m/it/10.95 ;   [][]\OT1/cmr/m/n/10.95 = \OML/cmm/m/it/10.95 f\OT1/cmr/m/n/10.95 (\U/bbm/m/n/10.95 x\OML/cmm/m/it/10.95 ; []; \OT1/cmr/m/n/10.95 )[] \OML/cmm/m/it/10.95 :
 []




Package fontspec Info: 
(fontspec)             lmsans10-regular scale = .95.


Package fontspec Info: 
(fontspec)             lmsans10-regular scale = 1.

[46]


Package fontspec Info: 
(fontspec)             lmsans10-regular scale = .95.


Package fontspec Info: 
(fontspec)             lmsans10-regular scale = 1.

[47]
chapter 10.

LaTeX Warning: Reference `definition:sp-knowledge-soundness' on page 1 undefined on input line 4158.




Package fontspec Info: 
(fontspec)             lmsans10-regular scale = 1.

[48

]

LaTeX Warning: Reference `construction:fs-for-sp-efficient-reduction' on page 1 undefined on input line 4272.


LaTeX Warning: Reference `definition:sp-hvzk' on page 1 undefined on input line 4294.


LaTeX Warning: Reference `definition:sp-hvzk' on page 1 undefined on input line 4305.




Package fontspec Info: 
(fontspec)             lmsans10-regular scale = .95.


Package fontspec Info: 
(fontspec)             lmsans10-regular scale = 1.

[49]


Package fontspec Info: 
(fontspec)             lmsans10-regular scale = .95.


Package fontspec Info: 
(fontspec)             lmsans10-regular scale = 1.

[50]
chapter 11.



Package fontspec Info: 
(fontspec)             lmsans10-regular scale = 1.

[51

]
Overfull \hbox (79.76085pt too wide) detected at line 4404
[][]\OMS/cmsy/m/n/10.95 j\U/bbm/m/n/10.95 x\OMS/cmsy/m/n/10.95 j  \OML/cmm/m/it/10.95 n \OMS/cmsy/m/n/10.95 ^ \U/bbm/m/n/10.95 x [] \OMS/cmsy/m/n/10.95 L\OT1/cmr/m/n/10.95 (\OMS/cmsy/m/n/10.95 R\OT1/cmr/m/n/10.95 ) \OMS/cmsy/m/n/10.95 ^ \TU/lmroman10-regular.otf(0)/b/n/10.95 V[]\OT1/cmr/m/n/10.95 (\U/bbm/m/n/10.95 x\OML/cmm/m/it/10.95 ; []; ; []\OT1/cmr/m/n/10.95 ) = 1 []  [] \OMS/cmsy/m/n/10.95   U\OT1/cmr/m/n/10.95 (\TU/lmsans10-regular.otf(0)/m/n/10.95 r\OT1/cmr/m/n/10.95 )\OML/cmm/m/it/10.95 ;  \OT1/cmr/m/n/10.95 (\U/bbm/m/n/10.95 x\OML/cmm/m/it/10.95 ; []; ; ; []\OT1/cmr/m/n/10.95 ) [] [][](\OML/cmm/m/it/10.95 s; []; []\OT1/cmr/m/n/10.95 )[] \OMS/cmsy/m/n/10.95  \OML/cmm/m/it/10.95 []\OT1/cmr/m/n/10.95 (\OML/cmm/m/it/10.95 s; t; n\OT1/cmr/m/n/10.95 )\OML/cmm/m/it/10.95 :
 []


Overfull \hbox (217.3774pt too wide) detected at line 4424
[][]\OMS/cmsy/m/n/10.95 j\U/bbm/m/n/10.95 x\OMS/cmsy/m/n/10.95 j  \OML/cmm/m/it/10.95 n \OMS/cmsy/m/n/10.95 ^ \OT1/cmr/m/n/10.95 (\U/bbm/m/n/10.95 x\OML/cmm/m/it/10.95 ; \U/bbm/m/n/10.95 w\OT1/cmr/m/n/10.95 ) [] \OMS/cmsy/m/n/10.95 R ^ \TU/lmroman10-regular.otf(0)/b/n/10.95 V[]\OT1/cmr/m/n/10.95 (\U/bbm/m/n/10.95 x\OML/cmm/m/it/10.95 ; []; ; []\OT1/cmr/m/n/10.95 ) = 1 []  [] \OMS/cmsy/m/n/10.95   U\OT1/cmr/m/n/10.95 (\TU/lmsans10-regular.otf(0)/m/n/10.95 r\OT1/cmr/m/n/10.95 )\OML/cmm/m/it/10.95 ;  \OT1/cmr/m/n/10.95 (\U/bbm/m/n/10.95 x\OML/cmm/m/it/10.95 ; []; ; ; []\OT1/cmr/m/n/10.95 ) [] [][](\OML/cmm/m/it/10.95 s; []; []\OT1/cmr/m/n/10.95 )\OML/cmm/m/it/10.95 ;  \U/bbm/m/n/10.95 w \OMS/cmsy/m/n/10.95   \TU/lmroman10-regular.otf(0)/b/n/10.95 E[]\OT1/cmr/m/n/10.95 (\U/bbm/m/n/10.95 x\OML/cmm/m/it/10.95 ; []; []; ; [][]\OT1/cmr/m/n/10.95 )[] \OMS/cmsy/m/n/10.95  \OML/cmm/m/it/10.95 []\OT1/cmr/m/n/10.95 (\OML/cmm/m/it/10.95 s; t; n\OT1/cmr/m/n/10.95 )\OML/cmm/m/it/10.95 ;
 []


Overfull \hbox (24.79492pt too wide) detected at line 4442
[][]\OMS/cmsy/m/n/10.95 j\U/bbm/m/n/10.95 x\OMS/cmsy/m/n/10.95 j \OML/cmm/m/it/10.95 > n  \OMS/cmsy/m/n/10.95 _  \TU/lmroman10-regular.otf(0)/b/n/10.95 V[]\OT1/cmr/m/n/10.95 (\U/bbm/m/n/10.95 x\OML/cmm/m/it/10.95 ; []; ; []\OT1/cmr/m/n/10.95 ) = 0 []  [] \OMS/cmsy/m/n/10.95   U\OT1/cmr/m/n/10.95 (\TU/lmsans10-regular.otf(0)/m/n/10.95 r\OT1/cmr/m/n/10.95 )\OML/cmm/m/it/10.95 ;  \OT1/cmr/m/n/10.95 (\U/bbm/m/n/10.95 x\OML/cmm/m/it/10.95 ; []; ; ; []\OT1/cmr/m/n/10.95 ) \OMS/cmsy/m/n/10.95   [][]\OT1/cmr/m/n/10.95 (\OML/cmm/m/it/10.95 s; []; []\OT1/cmr/m/n/10.95 )[] \OMS/cmsy/m/n/10.95  \OML/cmm/m/it/10.95 []\OT1/cmr/m/n/10.95 (\OML/cmm/m/it/10.95 s; n\OT1/cmr/m/n/10.95 )\OML/cmm/m/it/10.95 :
 []


Overfull \hbox (305.7314pt too wide) detected at line 4460
[][]\OMS/cmsy/m/n/10.95 j\U/bbm/m/n/10.95 x\OMS/cmsy/m/n/10.95 j  \OML/cmm/m/it/10.95 n \OMS/cmsy/m/n/10.95 ^ \OT1/cmr/m/n/10.95 (\U/bbm/m/n/10.95 x\OML/cmm/m/it/10.95 ; \U/bbm/m/n/10.95 w\OT1/cmr/m/n/10.95 ) [] \OMS/cmsy/m/n/10.95 R ^ \TU/lmroman10-regular.otf(0)/b/n/10.95 V[]\OT1/cmr/m/n/10.95 (\U/bbm/m/n/10.95 x\OML/cmm/m/it/10.95 ; []; ; []\OT1/cmr/m/n/10.95 ) = 1 []  [] \OMS/cmsy/m/n/10.95   U\OT1/cmr/m/n/10.95 (\TU/lmsans10-regular.otf(0)/m/n/10.95 r\OT1/cmr/m/n/10.95 )\OML/cmm/m/it/10.95 ;  \OT1/cmr/m/n/10.95 (\U/bbm/m/n/10.95 x\OML/cmm/m/it/10.95 ; []; ; ; []\OT1/cmr/m/n/10.95 ) [] [][](\OML/cmm/m/it/10.95 s; []; []\OT1/cmr/m/n/10.95 )\OML/cmm/m/it/10.95 ;  \U/bbm/m/n/10.95 w \OMS/cmsy/m/n/10.95   \TU/lmroman10-regular.otf(0)/b/n/10.95 E[]\OT1/cmr/m/n/10.95 (\U/bbm/m/n/10.95 x\OML/cmm/m/it/10.95 ; []; ; ; []; [][]; \OMS/cmsy/m/n/10.95 O[]\OT1/cmr/m/n/10.95 )[] \OMS/cmsy/m/n/10.95  \OML/cmm/m/it/10.95 []\OT1/cmr/m/n/10.95 (\OML/cmm/m/it/10.95 s; t; n; []\OT1/cmr/m/n/10.95 (\OML/cmm/m/it/10.95 s; n\OT1/cmr/m/n/10.95 ))\OML/cmm/m/it/10.95 ;
 []




Package fontspec Info: 
(fontspec)             lmsans10-regular scale = .95.


Package fontspec Info: 
(fontspec)             lmsans10-regular scale = 1.

[52]


Package fontspec Info: 
(fontspec)             lmsans10-regular scale = .95.


Package fontspec Info: 
(fontspec)             lmsans10-regular scale = 1.

[53]
part III.
Package scrkbase Info: You've told me to use the font selection of the element
(scrkbase)             `partprefix' that is an alias of element `partnumber'
(scrkbase)              on input line 4536.


[54

]
*geometry* verbose mode - [ newgeometry ] result:
* driver: luatex
* paper: a4paper
* layout: <same size as paper>
* layoutoffset:(h,v)=(0.0pt,0.0pt)
* hratio: 1:1
* vratio: 1:1
* modes: 
* h-part:(L,W,R)=(97.09412pt, 403.31963pt, 97.09413pt)
* v-part:(T,H,B)=(63.37593pt, 718.29497pt, 63.37595pt)
* \paperwidth=597.50787pt
* \paperheight=845.04684pt
* \textwidth=403.31963pt
* \textheight=718.29497pt
* \oddsidemargin=24.82413pt
* \evensidemargin=24.82413pt
* \topmargin=-101.39406pt
* \headheight=76.5pt
* \headsep=16.0pt
* \topskip=11.0pt
* \footskip=47.6pt
* \marginparwidth=89.62619pt
* \marginparsep=12.8401pt
* \columnsep=10.0pt
* \skip\footins=10.0pt plus 4.0pt minus 2.0pt
* \hoffset=0.0pt
* \voffset=0.0pt
* \mag=1000
* \@twocolumnfalse
* \@twosidefalse
* \@mparswitchfalse
* \@reversemarginfalse
* (1in=72.27pt=25.4mm, 1cm=28.453pt)



[55


]
chapter 12.
<./figs//ip-diagram.pdf, id=1114, 376.40625pt x 317.185pt>
File: ./figs//ip-diagram.pdf Graphic file (type pdf)
<use ./figs//ip-diagram.pdf>
Package luatex.def Info: ./figs//ip-diagram.pdf  used on input line 4559.
(luatex.def)             Requested size: 224.06544pt x 188.81694pt.



Package fontspec Info: 
(fontspec)             lmsans10-regular scale = 1.

[56



<./figs//ip-diagram.pdf>]
Overfull \hbox (88.75177pt too wide) detected at line 4635
[] []\OT1/cmr/m/n/10.95 (\U/bbm/m/n/10.95 x\OML/cmm/m/it/10.95 ; \U/bbm/m/n/10.95 w\OT1/cmr/m/n/10.95 ) [] \OMS/cmsy/m/n/10.95 R  ^  \OML/cmm/m/it/10.95 b \OT1/cmr/m/n/10.95 = 1  []  \OML/cmm/m/it/10.95 b [] \OMS/cmsy/m/n/10.95 h[]\OML/cmm/m/it/10.95 ; \TU/lmroman10-regular.otf(0)/b/n/10.95 V[]\OT1/cmr/m/n/10.95 (\U/bbm/m/n/10.95 x\OT1/cmr/m/n/10.95 )\OMS/cmsy/m/n/10.95 i[]\OML/cmm/m/it/10.95 ;  \U/bbm/m/n/10.95 w \OMS/cmsy/m/n/10.95   \TU/lmroman10-regular.otf(0)/b/n/10.95 E[]\OT1/cmr/m/n/10.95 (\U/bbm/m/n/10.95 x\OML/cmm/m/it/10.95 ; \OT1/cmr/m/n/10.95 (\OML/cmm/m/it/10.95 []\OT1/cmr/m/n/10.95 )[]\OML/cmm/m/it/10.95 ; \OT1/cmr/m/n/10.95 (\OML/cmm/m/it/10.95 []\OT1/cmr/m/n/10.95 )[]\OML/cmm/m/it/10.95 ; \OMS/cmsy/m/n/10.95 O[]\OT1/cmr/m/n/10.95 )[] \OMS/cmsy/m/n/10.95  \OML/cmm/m/it/10.95 []\OT1/cmr/m/n/10.95 (\U/bbm/m/n/10.95 x\OML/cmm/m/it/10.95 ; []\OT1/cmr/m/n/10.95 (\U/bbm/m/n/10.95 x\OT1/cmr/m/n/10.95 ))\OML/cmm/m/it/10.95 ;
 []




Package fontspec Info: 
(fontspec)             lmsans10-regular scale = .95.


Package fontspec Info: 
(fontspec)             lmsans10-regular scale = 1.

[57]


Package fontspec Info: 
(fontspec)             lmsans10-regular scale = .95.


Package fontspec Info: 
(fontspec)             lmsans10-regular scale = 1.

[58]
Overfull \hbox (211.816pt too wide) detected at line 4735
[][]\OMS/cmsy/m/n/10.95 j\U/bbm/m/n/10.95 x\OMS/cmsy/m/n/10.95 j  \OML/cmm/m/it/10.95 n \OMS/cmsy/m/n/10.95 ^ \U/bbm/m/n/10.95 x [] \OMS/cmsy/m/n/10.95 L\OT1/cmr/m/n/10.95 (\OMS/cmsy/m/n/10.95 R\OT1/cmr/m/n/10.95 ) \OMS/cmsy/m/n/10.95 ^ \TU/lmroman10-regular.otf(0)/b/n/10.95 V[][]\U/bbm/m/n/10.95 x\OML/cmm/m/it/10.95 ; \OT1/cmr/m/n/10.95 (\OML/cmm/m/it/10.95 []\OT1/cmr/m/n/10.95 )[]\OML/cmm/m/it/10.95 ; \OT1/cmr/m/n/10.95 (\OML/cmm/m/it/10.95 []\OT1/cmr/m/n/10.95 )[][] = 1 []  [] \OMS/cmsy/m/n/10.95   U\OT1/cmr/m/n/10.95 ((\TU/lmsans10-regular.otf(0)/m/n/10.95 r[]\OT1/cmr/m/n/10.95 )[])\OML/cmm/m/it/10.95 ;  \OT1/cmr/m/n/10.95 (\U/bbm/m/n/10.95 x\OML/cmm/m/it/10.95 ; \OT1/cmr/m/n/10.95 (\OML/cmm/m/it/10.95 []\OT1/cmr/m/n/10.95 )[]\OML/cmm/m/it/10.95 ; \OT1/cmr/m/n/10.95 (\OML/cmm/m/it/10.95 []\OT1/cmr/m/n/10.95 )[]\OML/cmm/m/it/10.95 ; \OT1/cmr/m/n/10.95 (\OML/cmm/m/it/10.95 []\OT1/cmr/m/n/10.95 )[]) [] [][](\OML/cmm/m/it/10.95 s; []; []\OT1/cmr/m/n/10.95 )[] \OMS/cmsy/m/n/10.95  \OML/cmm/m/it/10.95 []\OT1/cmr/m/n/10.95 (\OML/cmm/m/it/10.95 s; t; n\OT1/cmr/m/n/10.95 )\OML/cmm/m/it/10.95 :
 []


Overfull \hbox (156.81407pt too wide) detected at line 4751
[][]\OMS/cmsy/m/n/10.95 j\U/bbm/m/n/10.95 x\OMS/cmsy/m/n/10.95 j  \OML/cmm/m/it/10.95 n  \OMS/cmsy/m/n/10.95 ^  \TU/lmroman10-regular.otf(0)/b/n/10.95 V[][]\U/bbm/m/n/10.95 x\OML/cmm/m/it/10.95 ; \OT1/cmr/m/n/10.95 (\OML/cmm/m/it/10.95 []\OT1/cmr/m/n/10.95 )[]\OML/cmm/m/it/10.95 ; \OT1/cmr/m/n/10.95 (\OML/cmm/m/it/10.95 []\OT1/cmr/m/n/10.95 )[][] = 0 []  [] \OMS/cmsy/m/n/10.95   U\OT1/cmr/m/n/10.95 ((\TU/lmsans10-regular.otf(0)/m/n/10.95 r[]\OT1/cmr/m/n/10.95 )[])\OML/cmm/m/it/10.95 ;  \OT1/cmr/m/n/10.95 (\U/bbm/m/n/10.95 x\OML/cmm/m/it/10.95 ; \OT1/cmr/m/n/10.95 (\OML/cmm/m/it/10.95 []\OT1/cmr/m/n/10.95 )[]\OML/cmm/m/it/10.95 ; \OT1/cmr/m/n/10.95 (\OML/cmm/m/it/10.95 []\OT1/cmr/m/n/10.95 )[]\OML/cmm/m/it/10.95 ; \OT1/cmr/m/n/10.95 (\OML/cmm/m/it/10.95 []\OT1/cmr/m/n/10.95 )[]) \OMS/cmsy/m/n/10.95   [][]\OT1/cmr/m/n/10.95 (\OML/cmm/m/it/10.95 s; []; []\OT1/cmr/m/n/10.95 )[] \OMS/cmsy/m/n/10.95  \OML/cmm/m/it/10.95 []\OT1/cmr/m/n/10.95 (\OML/cmm/m/it/10.95 s; n\OT1/cmr/m/n/10.95 )\OML/cmm/m/it/10.95 ;
 []


Overfull \hbox (386.35379pt too wide) detected at line 4770
[][]\OMS/cmsy/m/n/10.95 j\U/bbm/m/n/10.95 x\OMS/cmsy/m/n/10.95 j  \OML/cmm/m/it/10.95 n \OMS/cmsy/m/n/10.95 ^ \OT1/cmr/m/n/10.95 (\U/bbm/m/n/10.95 x\OML/cmm/m/it/10.95 ; \U/bbm/m/n/10.95 w\OT1/cmr/m/n/10.95 ) [] \OMS/cmsy/m/n/10.95 R ^ \TU/lmroman10-regular.otf(0)/b/n/10.95 V[][]\U/bbm/m/n/10.95 x\OML/cmm/m/it/10.95 ; \OT1/cmr/m/n/10.95 (\OML/cmm/m/it/10.95 []\OT1/cmr/m/n/10.95 )[]\OML/cmm/m/it/10.95 ; \OT1/cmr/m/n/10.95 (\OML/cmm/m/it/10.95 []\OT1/cmr/m/n/10.95 )[][] = 1 []  [] \OMS/cmsy/m/n/10.95   U\OT1/cmr/m/n/10.95 ((\TU/lmsans10-regular.otf(0)/m/n/10.95 r[]\OT1/cmr/m/n/10.95 )[])\OML/cmm/m/it/10.95 ;  \OT1/cmr/m/n/10.95 (\U/bbm/m/n/10.95 x\OML/cmm/m/it/10.95 ; \OT1/cmr/m/n/10.95 (\OML/cmm/m/it/10.95 []\OT1/cmr/m/n/10.95 )[]\OML/cmm/m/it/10.95 ; \OT1/cmr/m/n/10.95 (\OML/cmm/m/it/10.95 []\OT1/cmr/m/n/10.95 )[]\OML/cmm/m/it/10.95 ; \OT1/cmr/m/n/10.95 (\OML/cmm/m/it/10.95 []\OT1/cmr/m/n/10.95 )[]) [] [][](\OML/cmm/m/it/10.95 s; []; []\OT1/cmr/m/n/10.95 )\OML/cmm/m/it/10.95 ;  \U/bbm/m/n/10.95 w \OMS/cmsy/m/n/10.95   \TU/lmroman10-regular.otf(0)/b/n/10.95 E[]\OT1/cmr/m/n/10.95 (\U/bbm/m/n/10.95 x\OML/cmm/m/it/10.95 ; \OT1/cmr/m/n/10.95 (\OML/cmm/m/it/10.95 []\OT1/cmr/m/n/10.95 )[]\OML/cmm/m/it/10.95 ; \OT1/cmr/m/n/10.95 (\OML/cmm/m/it/10.95 []\OT1/cmr/m/n/10.95 )[]\OML/cmm/m/it/10.95 ; [][]\OT1/cmr/m/n/10.95 )[] \OMS/cmsy/m/n/10.95  \OML/cmm/m/it/10.95 []\OT1/cmr/m/n/10.95 (\OML/cmm/m/it/10.95 s; t; n\OT1/cmr/m/n/10.95 )\OML/cmm/m/it/10.95 :
 []


Overfull \hbox (476.88474pt too wide) detected at line 4788
[][]\OMS/cmsy/m/n/10.95 j\U/bbm/m/n/10.95 x\OMS/cmsy/m/n/10.95 j  \OML/cmm/m/it/10.95 n \OMS/cmsy/m/n/10.95 ^ \OT1/cmr/m/n/10.95 (\U/bbm/m/n/10.95 x\OML/cmm/m/it/10.95 ; \U/bbm/m/n/10.95 w\OT1/cmr/m/n/10.95 ) [] \OMS/cmsy/m/n/10.95 R ^ \TU/lmroman10-regular.otf(0)/b/n/10.95 V[][]\U/bbm/m/n/10.95 x\OML/cmm/m/it/10.95 ; \OT1/cmr/m/n/10.95 (\OML/cmm/m/it/10.95 []\OT1/cmr/m/n/10.95 )[]\OML/cmm/m/it/10.95 ; \OT1/cmr/m/n/10.95 (\OML/cmm/m/it/10.95 []\OT1/cmr/m/n/10.95 )[][] = 1 []  [] \OMS/cmsy/m/n/10.95   U\OT1/cmr/m/n/10.95 ((\TU/lmsans10-regular.otf(0)/m/n/10.95 r[]\OT1/cmr/m/n/10.95 )[])\OML/cmm/m/it/10.95 ;  \OT1/cmr/m/n/10.95 (\U/bbm/m/n/10.95 x\OML/cmm/m/it/10.95 ; \OT1/cmr/m/n/10.95 (\OML/cmm/m/it/10.95 []\OT1/cmr/m/n/10.95 )[]\OML/cmm/m/it/10.95 ; \OT1/cmr/m/n/10.95 (\OML/cmm/m/it/10.95 []\OT1/cmr/m/n/10.95 )[]\OML/cmm/m/it/10.95 ; \OT1/cmr/m/n/10.95 (\OML/cmm/m/it/10.95 []\OT1/cmr/m/n/10.95 )[]) [] [][](\OML/cmm/m/it/10.95 s; []; []\OT1/cmr/m/n/10.95 )\OML/cmm/m/it/10.95 ;  \U/bbm/m/n/10.95 w \OMS/cmsy/m/n/10.95   \TU/lmroman10-regular.otf(0)/b/n/10.95 E[]\OT1/cmr/m/n/10.95 (\U/bbm/m/n/10.95 x\OML/cmm/m/it/10.95 ; \OT1/cmr/m/n/10.95 (\OML/cmm/m/it/10.95 []\OT1/cmr/m/n/10.95 )[]\OML/cmm/m/it/10.95 ; \OT1/cmr/m/n/10.95 (\OML/cmm/m/it/10.95 []\OT1/cmr/m/n/10.95 )[]\OML/cmm/m/it/10.95 ; \OT1/cmr/m/n/10.95 (\OML/cmm/m/it/10.95 []\OT1/cmr/m/n/10.95 )[]\OML/cmm/m/it/10.95 ; [][]; \OMS/cmsy/m/n/10.95 O[]\OT1/cmr/m/n/10.95 )[] \OMS/cmsy/m/n/10.95  \OML/cmm/m/it/10.95 []\OT1/cmr/m/n/10.95 (\OML/cmm/m/it/10.95 s; t; n; []\OT1/cmr/m/n/10.95 )\OML/cmm/m/it/10.95 ;
 []




Package fontspec Info: 
(fontspec)             lmsans10-regular scale = .95.


Package fontspec Info: 
(fontspec)             lmsans10-regular scale = 1.

[59]
chapter 13.

LaTeX Warning: Reference `construction:slow-fs-for-public-coin-ip' on page 1 undefined on input line 4845.


LaTeX Warning: Reference `figure:slow-fs-for-ip-diagram' on page 1 undefined on input line 4845.


LaTeX Warning: Reference `construction:attack-against-narg-from-ip' on page 60 undefined on input line 4850.


LaTeX Warning: Reference `lemma:attack-against-narg-from-ip' on page 1 undefined on input line 4850.


LaTeX Warning: Reference `construction:slow-fs-for-public-coin-ip' on page 60 undefined on input line 4856.


LaTeX Warning: Reference `construction:slow-fs-sr-prover' on page 60 undefined on input line 4864.


LaTeX Warning: Reference `lemma:slow-fs-sr-prover' on page 1 undefined on input line 4864.




Package fontspec Info: 
(fontspec)             lmsans10-regular scale = 1.

[60

]

LaTeX Warning: Reference `construction:slow-fs-extractor' on page 61 undefined on input line 4885.


LaTeX Warning: Reference `construction:slow-fs-for-public-coin-ip' on page 1 undefined on input line 4891.


LaTeX Warning: Reference `construction:slow-fs-for-public-coin-ip' on page 1 undefined on input line 4894.


LaTeX Warning: Reference `figure:slow-fs-for-ip-diagram' on page 1 undefined on input line 4899.




Package fontspec Info: 
(fontspec)             lmsans10-regular scale = .95.


Package fontspec Info: 
(fontspec)             lmsans10-regular scale = 1.

[61]


Package fontspec Info: 
(fontspec)             lmsans10-regular scale = .95.


Package fontspec Info: 
(fontspec)             lmsans10-regular scale = 1.

[62]
<./figs//fast-fs-ip-diagram.pdf, id=1230, 914.41624pt x 771.88374pt>
File: ./figs//fast-fs-ip-diagram.pdf Graphic file (type pdf)
<use ./figs//fast-fs-ip-diagram.pdf>
Package luatex.def Info: ./figs//fast-fs-ip-diagram.pdf  used on input line 5010.
(luatex.def)             Requested size: 358.50609pt x 302.62347pt.



Package fontspec Info: 
(fontspec)             lmsans10-regular scale = .95.


Package fontspec Info: 
(fontspec)             lmsans10-regular scale = 1.

[63]


Package fontspec Info: 
(fontspec)             lmsans10-regular scale = .95.


Package fontspec Info: 
(fontspec)             lmsans10-regular scale = 1.

[64<./figs//fast-fs-ip-diagram.pdf>]
chapter 14.

LaTeX Warning: Reference `construction:slow-fs-extractor' on page 1 undefined on input line 5111.




Package fontspec Info: 
(fontspec)             lmsans10-regular scale = 1.

[65

]

LaTeX Warning: Reference `construction:fast-fs-malicious-prover' on page 1 undefined on input line 5117.


LaTeX Warning: Reference `lemma:slow-vs-fast:stat-distance' on page 1 undefined on input line 5138.


LaTeX Warning: Reference `theorem:slow-fs-knowledge-soundness' on page 1 undefined on input line 5138.




Package fontspec Info: 
(fontspec)             lmsans10-regular scale = .95.


Package fontspec Info: 
(fontspec)             lmsans10-regular scale = 1.

[66]

LaTeX Warning: Reference `construction:slow-fs-for-public-coin-ip' on page 1 undefined on input line 5211.


LaTeX Warning: Reference `construction:fast-fs-malicious-prover' on page 1 undefined on input line 5221.


LaTeX Warning: Reference `construction:slow-fs-sr-prover' on page 1 undefined on input line 5221.


LaTeX Warning: Reference `construction:fast-trace-to-slow-trace' on page 1 undefined on input line 5226.


LaTeX Warning: Reference `construction:slow-to-sr-trace' on page 1 undefined on input line 5226.


LaTeX Warning: Reference `lemma:slow-vs-fast:stat-distance' on page 1 undefined on input line 5251.


LaTeX Warning: Reference `eq:slow-fs-sr-prover' on page 1 undefined on input line 5251.




Package fontspec Info: 
(fontspec)             lmsans10-regular scale = .95.


Package fontspec Info: 
(fontspec)             lmsans10-regular scale = 1.

[67]
part IV.
Package scrkbase Info: You've told me to use the font selection of the element
(scrkbase)             `partprefix' that is an alias of element `partnumber'
(scrkbase)              on input line 5254.


[68

]
*geometry* verbose mode - [ newgeometry ] result:
* driver: luatex
* paper: a4paper
* layout: <same size as paper>
* layoutoffset:(h,v)=(0.0pt,0.0pt)
* hratio: 1:1
* vratio: 1:1
* modes: 
* h-part:(L,W,R)=(97.09412pt, 403.31963pt, 97.09413pt)
* v-part:(T,H,B)=(63.37593pt, 718.29497pt, 63.37595pt)
* \paperwidth=597.50787pt
* \paperheight=845.04684pt
* \textwidth=403.31963pt
* \textheight=718.29497pt
* \oddsidemargin=24.82413pt
* \evensidemargin=24.82413pt
* \topmargin=-101.39406pt
* \headheight=76.5pt
* \headsep=16.0pt
* \topskip=11.0pt
* \footskip=47.6pt
* \marginparwidth=89.62619pt
* \marginparsep=12.8401pt
* \columnsep=10.0pt
* \skip\footins=10.0pt plus 4.0pt minus 2.0pt
* \hoffset=0.0pt
* \voffset=0.0pt
* \mag=1000
* \@twocolumnfalse
* \@twosidefalse
* \@mparswitchfalse
* \@reversemarginfalse
* (1in=72.27pt=25.4mm, 1cm=28.453pt)



[69


]
chapter 15.



Package fontspec Info: 
(fontspec)             lmsans10-regular scale = 1.

[70



]


Package fontspec Info: 
(fontspec)             lmsans10-regular scale = .95.


Package fontspec Info: 
(fontspec)             lmsans10-regular scale = 1.

[71]


Package fontspec Info: 
(fontspec)             lmsans10-regular scale = .95.


Package fontspec Info: 
(fontspec)             lmsans10-regular scale = 1.

[72]
chapter 16.

LaTeX Warning: Reference `section:merkle-commitment-completeness' on page 1 undefined on input line 5457.


LaTeX Warning: Reference `section:merkle-commitment-collision-lemma' on page 1 undefined on input line 5457.


LaTeX Warning: Reference `section:merkle-commitment-binding' on page 1 undefined on input line 5459.


LaTeX Warning: Reference `section:merkle-commitment-extractability' on page 1 undefined on input line 5460.


LaTeX Warning: Reference `section:merkle-commitment-hiding' on page 1 undefined on input line 5461.


LaTeX Warning: Reference `remark:mt-any-message-length' on page 1 undefined on input line 5485.




Package fontspec Info: 
(fontspec)             lmsans10-regular scale = 1.

[73

]

LaTeX Warning: Reference `lemma:mt-root-hiding' on page 1 undefined on input line 5533.


LaTeX Warning: Reference `construction:mt-simulator' on page 1 undefined on input line 5564.


LaTeX Warning: Reference `lemma:mt-root-hiding' on page 1 undefined on input line 5578.




Package fontspec Info: 
(fontspec)             lmsans10-regular scale = .95.


Package fontspec Info: 
(fontspec)             lmsans10-regular scale = 1.

[74]
part V.
Package scrkbase Info: You've told me to use the font selection of the element
(scrkbase)             `partprefix' that is an alias of element `partnumber'
(scrkbase)              on input line 5583.


[75

]
*geometry* verbose mode - [ newgeometry ] result:
* driver: luatex
* paper: a4paper
* layout: <same size as paper>
* layoutoffset:(h,v)=(0.0pt,0.0pt)
* hratio: 1:1
* vratio: 1:1
* modes: 
* h-part:(L,W,R)=(97.09412pt, 403.31963pt, 97.09413pt)
* v-part:(T,H,B)=(63.37593pt, 718.29497pt, 63.37595pt)
* \paperwidth=597.50787pt
* \paperheight=845.04684pt
* \textwidth=403.31963pt
* \textheight=718.29497pt
* \oddsidemargin=24.82413pt
* \evensidemargin=24.82413pt
* \topmargin=-101.39406pt
* \headheight=76.5pt
* \headsep=16.0pt
* \topskip=11.0pt
* \footskip=47.6pt
* \marginparwidth=89.62619pt
* \marginparsep=12.8401pt
* \columnsep=10.0pt
* \skip\footins=10.0pt plus 4.0pt minus 2.0pt
* \hoffset=0.0pt
* \voffset=0.0pt
* \mag=1000
* \@twocolumnfalse
* \@twosidefalse
* \@mparswitchfalse
* \@reversemarginfalse
* (1in=72.27pt=25.4mm, 1cm=28.453pt)



[76


]
chapter 17.
<./figs//pcp-diagram.pdf, id=1427, 516.93124pt x 123.46124pt>
File: ./figs//pcp-diagram.pdf Graphic file (type pdf)
<use ./figs//pcp-diagram.pdf>
Package luatex.def Info: ./figs//pcp-diagram.pdf  used on input line 5615.
(luatex.def)             Requested size: 246.47336pt x 58.86697pt.



Package fontspec Info: 
(fontspec)             lmsans10-regular scale = 1.

[77



<./figs//pcp-diagram.pdf>]


Package fontspec Info: 
(fontspec)             lmsans10-regular scale = .95.


Package fontspec Info: 
(fontspec)             lmsans10-regular scale = 1.

[78]


Package fontspec Info: 
(fontspec)             lmsans10-regular scale = .95.


Package fontspec Info: 
(fontspec)             lmsans10-regular scale = 1.

[79]


Package fontspec Info: 
(fontspec)             lmsans10-regular scale = .95.


Package fontspec Info: 
(fontspec)             lmsans10-regular scale = 1.

[80]
chapter 18.



Package fontspec Info: 
(fontspec)             lmsans10-regular scale = 1.

[81

]
<./figs//kilian-diagram.pdf, id=1527, 922.44624pt x 552.0625pt>
File: ./figs//kilian-diagram.pdf Graphic file (type pdf)
<use ./figs//kilian-diagram.pdf>
Package luatex.def Info: ./figs//kilian-diagram.pdf  used on input line 6046.
(luatex.def)             Requested size: 358.50609pt x 214.55379pt.



Package fontspec Info: 
(fontspec)             lmsans10-regular scale = .95.


Package fontspec Info: 
(fontspec)             lmsans10-regular scale = 1.

[82]

LaTeX Warning: Reference `lemma:mt-extractability' on page 1 undefined on input line 6069.


LaTeX Warning: Reference `lemma:mt-extractability' on page 1 undefined on input line 6101.




Package fontspec Info: 
(fontspec)             lmsans10-regular scale = .95.


Package fontspec Info: 
(fontspec)             lmsans10-regular scale = 1.

[83<./figs//kilian-diagram.pdf>]

LaTeX Warning: Reference `lemma:mt-extractability' on page 1 undefined on input line 6105.




Package fontspec Info: 
(fontspec)             lmsans10-regular scale = .95.


Package fontspec Info: 
(fontspec)             lmsans10-regular scale = 1.

[84]

LaTeX Warning: Reference `lemma:mt-privacy' on page 1 undefined on input line 6167.




Package fontspec Info: 
(fontspec)             lmsans10-regular scale = .95.


Package fontspec Info: 
(fontspec)             lmsans10-regular scale = 1.

[85]
chapter 19.

LaTeX Warning: Reference `section:warmup-narg-from-sp-no-adaptive-security' on page 1 undefined on input line 6189.




Package fontspec Info: 
(fontspec)             lmsans10-regular scale = 1.

[86

]

LaTeX Warning: Reference `equation:kilian-prover-to-verifier' on page 1 undefined on input line 6258.

<./figs//micali-diagram.pdf, id=1637, 921.4425pt x 537.00626pt>
File: ./figs//micali-diagram.pdf Graphic file (type pdf)
<use ./figs//micali-diagram.pdf>
Package luatex.def Info: ./figs//micali-diagram.pdf  used on input line 6284.
(luatex.def)             Requested size: 358.50609pt x 208.93176pt.



Package fontspec Info: 
(fontspec)             lmsans10-regular scale = .95.


Package fontspec Info: 
(fontspec)             lmsans10-regular scale = 1.

[87<./figs//micali-diagram.pdf>]

LaTeX Warning: Reference `lemma:mt-multi-extractability' on page 1 undefined on input line 6310.




Package fontspec Info: 
(fontspec)             lmsans10-regular scale = .95.


Package fontspec Info: 
(fontspec)             lmsans10-regular scale = 1.

[88]


Package fontspec Info: 
(fontspec)             lmsans10-regular scale = .95.


Package fontspec Info: 
(fontspec)             lmsans10-regular scale = 1.

[89]
chapter 20.

LaTeX Warning: Reference `lemma:mt-multi-extractability' on page 1 undefined on input line 6403.


LaTeX Warning: Reference `claim:micali-reduction' on page 1 undefined on input line 6425.


LaTeX Warning: Reference `lemma:mt-privacy' on page 1 undefined on input line 6459.




Package fontspec Info: 
(fontspec)             lmsans10-regular scale = 1.

[90

]


Package fontspec Info: 
(fontspec)             lmsans10-regular scale = .95.


Package fontspec Info: 
(fontspec)             lmsans10-regular scale = 1.

[91]
part VI.
Package scrkbase Info: You've told me to use the font selection of the element
(scrkbase)             `partprefix' that is an alias of element `partnumber'
(scrkbase)              on input line 6492.


[92

]
*geometry* verbose mode - [ newgeometry ] result:
* driver: luatex
* paper: a4paper
* layout: <same size as paper>
* layoutoffset:(h,v)=(0.0pt,0.0pt)
* hratio: 1:1
* vratio: 1:1
* modes: 
* h-part:(L,W,R)=(97.09412pt, 403.31963pt, 97.09413pt)
* v-part:(T,H,B)=(63.37593pt, 718.29497pt, 63.37595pt)
* \paperwidth=597.50787pt
* \paperheight=845.04684pt
* \textwidth=403.31963pt
* \textheight=718.29497pt
* \oddsidemargin=24.82413pt
* \evensidemargin=24.82413pt
* \topmargin=-101.39406pt
* \headheight=76.5pt
* \headsep=16.0pt
* \topskip=11.0pt
* \footskip=47.6pt
* \marginparwidth=89.62619pt
* \marginparsep=12.8401pt
* \columnsep=10.0pt
* \skip\footins=10.0pt plus 4.0pt minus 2.0pt
* \hoffset=0.0pt
* \voffset=0.0pt
* \mag=1000
* \@twocolumnfalse
* \@twosidefalse
* \@mparswitchfalse
* \@reversemarginfalse
* (1in=72.27pt=25.4mm, 1cm=28.453pt)


Overfull \hbox (1.76743pt too wide) detected at line 6495
[] \TU/lmsans10-regular.otf(1)/b/n/10.95 100
 []



[93


]
chapter 21.

LaTeX Warning: Reference `definition:iop-soundness' on page 1 undefined on input line 6509.


LaTeX Warning: Reference `definition:iop-completeness' on page 1 undefined on input line 6509.


LaTeX Warning: Reference `definition:iop-public-coin' on page 1 undefined on input line 6511.




Package fontspec Info: 
(fontspec)             lmsans10-regular scale = 1.

[94



]
chapter 22.



Package fontspec Info: 
(fontspec)             lmsans10-regular scale = 1.

[95

]


Package fontspec Info: 
(fontspec)             lmsans10-regular scale = .95.


Package fontspec Info: 
(fontspec)             lmsans10-regular scale = 1.

[96]
chapter 23.

LaTeX Warning: Reference `chapter:fast-fs-for-ip' on page 1 undefined on input line 6703.


LaTeX Warning: Reference `remark:bcs-with-slow-fs' on page 1 undefined on input line 6703.




Package fontspec Info: 
(fontspec)             lmsans10-regular scale = 1.

[97

]

LaTeX Warning: Reference `theorem:bcs-soundness' on page 1 undefined on input line 6784.


Overfull \hbox (12.83054pt too wide) in paragraph at lines 6805--6810
[]|\JY3/LXGWWenKaiScreen(0)/m/n/10.95 结 |合 [][]\TU/lmroman10-regular.otf(0)/m/n/10.95 Equa-tion 23.1[][][]  |\JY3/LXGWWenKaiScreen(0)/m/n/10.95 我 |们 |将 |说 |明 |如 |何 |利 |用 [][]\TU/lmroman10-regular.otf(0)/m/n/10.95 The-o-rem 14.3.3[][] |\JY3/LXGWWenKaiScreen(0)/m/n/10.95 得 |到 |非 |交 |互 |式 |论 |证 $\OT1/cmr/m/n/10.95 (\OMS/cmsy/m/n/10.95 P\OML/cmm/m/it/10.95 ; \OMS/cmsy/m/n/10.95 V\OT1/cmr/m/n/10.95 ) = [][[]\OML/cmm/m/it/10.95 ; ; s\OT1/cmr/m/n/10.95 ]$
 []




Package fontspec Info: 
(fontspec)             lmsans10-regular scale = .95.


Package fontspec Info: 
(fontspec)             lmsans10-regular scale = 1.

[98]
Overfull \hbox (35.0835pt too wide) detected at line 6842
[][]
 []


LaTeX Warning: Reference `lemma:mt-multi-configuration-multi-extractability' on page 1 undefined on input line 6850.


LaTeX Warning: Reference `lemma:mt-multi-configuration-multi-extractability' on page 1 undefined on input line 6897.




Package fontspec Info: 
(fontspec)             lmsans10-regular scale = .95.


Package fontspec Info: 
(fontspec)             lmsans10-regular scale = 1.

[99]
chapter 24.

LaTeX Warning: Reference `lemma:mt-multi-configuration-multi-extractability' on page 1 undefined on input line 7004.


LaTeX Warning: Reference `sec:bcs-modular-knowledge-analysis' on page 1 undefined on input line 7010.




Package fontspec Info: 
(fontspec)             lmsans10-regular scale = 1.

[100

]

LaTeX Warning: Reference `definition:iop-hvzk' on page 1 undefined on input line 7077.


LaTeX Warning: Reference `lemma:mt-privacy' on page 1 undefined on input line 7088.


LaTeX Warning: Reference `definition:iop-hvzk' on page 1 undefined on input line 7093.




Package fontspec Info: 
(fontspec)             lmsans10-regular scale = .95.


Package fontspec Info: 
(fontspec)             lmsans10-regular scale = 1.

[101]
Overfull \hbox (65.04639pt too wide) in paragraph at lines 7136--7137
[]$\OMS/cmsy/m/n/10.95 S[]\OT1/cmr/m/n/10.95 (\U/bbm/m/n/10.95 x\OML/cmm/m/it/10.95 ; \U/bbm/m/n/10.95 w\OT1/cmr/m/n/10.95 )$ [] |\JY3/LXGWWenKaiScreen(0)/m/n/10.95 与 $\OMS/cmsy/m/n/10.95 S[]\OT1/cmr/m/n/10.95 (\U/bbm/m/n/10.95 x\OT1/cmr/m/n/10.95 )$ |\JY3/LXGWWenKaiScreen(0)/m/n/10.95 相 |同 []  |但 |在 |步 |骤 [][]\TU/lmroman10-regular.otf(0)/m/n/10.95 1[][] [] |\JY3/LXGWWenKaiScreen(0)/m/n/10.95 采 |样 |真 |实 |视 |图 $\OT1/cmr/m/n/10.95 (\U/bbm/m/n/10.95 x\OML/cmm/m/it/10.95 ; ; \OT1/cmr/m/n/10.95 (\OML/cmm/m/it/10.95 Q[]\OT1/cmr/m/n/10.95 )[]\OML/cmm/m/it/10.95 ; \OT1/cmr/m/n/10.95 (\OML/cmm/b/it/10.95 a[]\OT1/cmr/m/n/10.95 )[]) \OMS/cmsy/m/n/10.95   [][]\OT1/cmr/m/n/10.95 (\TU/lmroman10-regular.otf(0)/b/n/10.95 P[]\OML/cmm/m/it/10.95 ; \TU/lmroman10-regular.otf(0)/b/n/10.95 V[]\OML/cmm/m/it/10.95 ; \U/bbm/m/n/10.95 x\OML/cmm/m/it/10.95 ; \U/bbm/m/n/10.95 w\OT1/cmr/m/n/10.95 )$[] 
 []

LaTeX Font Info:    Font shape `JT3/LXGWWenKaiScreen(0)/m/n' will be
(Font)              scaled to size 6.73553pt on input line 7146.
LaTeX Font Info:    Font shape `JT3/LXGWWenKaiScreen(0)/m/n' will be
(Font)              scaled to size 4.8111pt on input line 7146.

Overfull \hbox (15.97963pt too wide) detected at line 7164
\OMS/cmsy/m/n/10 D[] [][]\OT1/cmr/m/n/10 = [][] \OMS/cmsy/m/n/10 j [] \OT1/cmr/m/n/10 :  \OML/cmm/m/it/10 f \OMS/cmsy/m/n/10   U\OT1/cmr/m/n/10 (()\OML/cmm/m/it/10 ; \OT1/cmr/m/n/10 (\TU/lmsans10-regular.otf(0)/m/n/10 r[]\OT1/cmr/m/n/10 )[]);  (\U/bbm/m/n/10 x\OML/cmm/m/it/10 ; \U/bbm/m/n/10 w\OML/cmm/m/it/10 ; []\OT1/cmr/m/n/10 ) \OMS/cmsy/m/n/10   A[]\OT1/cmr/m/n/10 ;  (\OML/cmm/m/it/10 ; \OT1/cmr/m/n/10 ) \OMS/cmsy/m/n/10   S[]\OT1/cmr/m/n/10 (\U/bbm/m/n/10 x\OML/cmm/m/it/10 ; \U/bbm/m/n/10 w\OT1/cmr/m/n/10 ); [] [][] \OMS/cmsy/m/n/10   A[]\OT1/cmr/m/n/10 ([]\OML/cmm/m/it/10 ; \OT1/cmr/m/n/10 )[]\OML/cmm/m/it/10 :
 []


Overfull \hbox (15.97963pt too wide) detected at line 7176
\OMS/cmsy/m/n/10 D[] [][]\OT1/cmr/m/n/10 = [][] \OMS/cmsy/m/n/10 j [] \OT1/cmr/m/n/10 :  \OML/cmm/m/it/10 f \OMS/cmsy/m/n/10   U\OT1/cmr/m/n/10 (()\OML/cmm/m/it/10 ; \OT1/cmr/m/n/10 (\TU/lmsans10-regular.otf(0)/m/n/10 r[]\OT1/cmr/m/n/10 )[]);  (\U/bbm/m/n/10 x\OML/cmm/m/it/10 ; \U/bbm/m/n/10 w\OML/cmm/m/it/10 ; []\OT1/cmr/m/n/10 ) \OMS/cmsy/m/n/10   A[]\OT1/cmr/m/n/10 ;  (\OML/cmm/m/it/10 ; \OT1/cmr/m/n/10 ) \OMS/cmsy/m/n/10   S[]\OT1/cmr/m/n/10 (\U/bbm/m/n/10 x\OML/cmm/m/it/10 ; \U/bbm/m/n/10 w\OT1/cmr/m/n/10 ); [] [][] \OMS/cmsy/m/n/10   A[]\OT1/cmr/m/n/10 ([]\OML/cmm/m/it/10 ; \OT1/cmr/m/n/10 )[]\OML/cmm/m/it/10 :
 []




Package fontspec Info: 
(fontspec)             lmsans10-regular scale = .95.


Package fontspec Info: 
(fontspec)             lmsans10-regular scale = 1.

[102]


Package fontspec Info: 
(fontspec)             lmsans10-regular scale = .95.


Package fontspec Info: 
(fontspec)             lmsans10-regular scale = 1.

[103]
part VII.
Package scrkbase Info: You've told me to use the font selection of the element
(scrkbase)             `partprefix' that is an alias of element `partnumber'
(scrkbase)              on input line 7202.


[104

]
*geometry* verbose mode - [ newgeometry ] result:
* driver: luatex
* paper: a4paper
* layout: <same size as paper>
* layoutoffset:(h,v)=(0.0pt,0.0pt)
* hratio: 1:1
* vratio: 1:1
* modes: 
* h-part:(L,W,R)=(97.09412pt, 403.31963pt, 97.09413pt)
* v-part:(T,H,B)=(63.37593pt, 718.29497pt, 63.37595pt)
* \paperwidth=597.50787pt
* \paperheight=845.04684pt
* \textwidth=403.31963pt
* \textheight=718.29497pt
* \oddsidemargin=24.82413pt
* \evensidemargin=24.82413pt
* \topmargin=-101.39406pt
* \headheight=76.5pt
* \headsep=16.0pt
* \topskip=11.0pt
* \footskip=47.6pt
* \marginparwidth=89.62619pt
* \marginparsep=12.8401pt
* \columnsep=10.0pt
* \skip\footins=10.0pt plus 4.0pt minus 2.0pt
* \hoffset=0.0pt
* \voffset=0.0pt
* \mag=1000
* \@twocolumnfalse
* \@twosidefalse
* \@mparswitchfalse
* \@reversemarginfalse
* (1in=72.27pt=25.4mm, 1cm=28.453pt)


Overfull \hbox (1.76743pt too wide) detected at line 7205
[] \TU/lmsans10-regular.otf(1)/b/n/10.95 107
 []


Overfull \hbox (1.76743pt too wide) detected at line 7205
[] \TU/lmsans10-regular.otf(1)/b/n/10.95 110
 []


Overfull \hbox (1.76743pt too wide) detected at line 7205
[] \TU/lmsans10-regular.otf(1)/b/n/10.95 114
 []


Overfull \hbox (1.76743pt too wide) detected at line 7205
[] \TU/lmsans10-regular.otf(1)/b/n/10.95 122
 []


Overfull \hbox (1.76743pt too wide) detected at line 7205
[] \TU/lmsans10-regular.otf(1)/b/n/10.95 134
 []


Overfull \hbox (1.76743pt too wide) detected at line 7205
[] \TU/lmsans10-regular.otf(1)/b/n/10.95 138
 []



[105


]


Package fontspec Info: 
(fontspec)             lmsans10-regular scale = .95.


Package fontspec Info: 
(fontspec)             lmsans10-regular scale = 1.

[106]
chapter 25.



Package fontspec Info: 
(fontspec)             lmsans10-regular scale = 1.

[107



]


Package fontspec Info: 
(fontspec)             lmsans10-regular scale = .95.


Package fontspec Info: 
(fontspec)             lmsans10-regular scale = 1.

[108]


Package fontspec Info: 
(fontspec)             lmsans10-regular scale = .95.


Package fontspec Info: 
(fontspec)             lmsans10-regular scale = 1.

[109]
chapter 26.

LaTeX Warning: Reference `definition:narg-adaptive-soundness' on page 1 undefined on input line 7328.




Package fontspec Info: 
(fontspec)             lmsans10-regular scale = 1.

[110

]

LaTeX Warning: Reference `lemma:cm-hiding' on page 1 undefined on input line 7405.


LaTeX Warning: Reference `lemma:cm-multi-extractability' on page 1 undefined on input line 7423.


LaTeX Warning: Reference `chapter:argument-definitions' on page 1 undefined on input line 7449.




Package fontspec Info: 
(fontspec)             lmsans10-regular scale = .95.


Package fontspec Info: 
(fontspec)             lmsans10-regular scale = 1.

[111]


Package fontspec Info: 
(fontspec)             lmsans10-regular scale = .95.


Package fontspec Info: 
(fontspec)             lmsans10-regular scale = 1.

[112]

LaTeX Warning: Reference `lemma:mt-privacy' on page 1 undefined on input line 7525.


LaTeX Warning: Reference `remark:mtzk-plugging-in-root-hiding-bound' on page 1 undefined on input line 7529.




Package fontspec Info: 
(fontspec)             lmsans10-regular scale = .95.


Package fontspec Info: 
(fontspec)             lmsans10-regular scale = 1.

[113]
chapter 27.

LaTeX Warning: Reference `remark:mt-any-message-length' on page 1 undefined on input line 7600.


LaTeX Warning: Reference `definition:mt-paths' on page 1 undefined on input line 7613.




Package fontspec Info: 
(fontspec)             lmsans10-regular scale = 1.

[114

]

LaTeX Warning: Reference `lemma:mt-colliding-paths' on page 1 undefined on input line 7705.


LaTeX Warning: Reference `lemma:mt-binding' on page 1 undefined on input line 7706.


LaTeX Warning: Reference `lemma:mt-extractability' on page 1 undefined on input line 7707.


LaTeX Warning: Reference `lemma:mt-root-hiding' on page 1 undefined on input line 7708.




Package fontspec Info: 
(fontspec)             lmsans10-regular scale = .95.


Package fontspec Info: 
(fontspec)             lmsans10-regular scale = 1.

[115]
<./figs//mt-arbitrary-length.pdf, id=2256, 871.255pt x 587.19376pt>
File: ./figs//mt-arbitrary-length.pdf Graphic file (type pdf)
<use ./figs//mt-arbitrary-length.pdf>
Package luatex.def Info: ./figs//mt-arbitrary-length.pdf  used on input line 7735.
(luatex.def)             Requested size: 358.50609pt x 241.6201pt.


LaTeX Warning: Reference `equation:mt-authpath-structure' on page 116 undefined on input line 7746.


Package hyperref Warning: Token not allowed in a PDF string (Unicode):
(hyperref)                removing `math shift' on input line 7764.


Package hyperref Warning: Token not allowed in a PDF string (Unicode):
(hyperref)                removing `\ell' on input line 7764.


Package hyperref Warning: Token not allowed in a PDF string (Unicode):
(hyperref)                removing `math shift' on input line 7764.


LaTeX Warning: Reference `figure:mt-prune-1' on page 116 undefined on input line 7770.


LaTeX Warning: Reference `figure:mt-prune-1' on page 116 undefined on input line 7776.




Package fontspec Info: 
(fontspec)             lmsans10-regular scale = .95.


Package fontspec Info: 
(fontspec)             lmsans10-regular scale = 1.

[116<./figs//mt-arbitrary-length.pdf>]

LaTeX Warning: Reference `figure:mt-prune-2' on page 117 undefined on input line 7779.


LaTeX Warning: Reference `figure:mt-prune-3' on page 117 undefined on input line 7788.

<./figs//mt-prune-1.pdf, id=2289, 462.72874pt x 200.75pt>
File: ./figs//mt-prune-1.pdf Graphic file (type pdf)
<use ./figs//mt-prune-1.pdf>
Package luatex.def Info: ./figs//mt-prune-1.pdf  used on input line 7802.
(luatex.def)             Requested size: 201.65753pt x 87.48788pt.
<./figs//mt-prune-2.pdf, id=2290, 462.72874pt x 200.75pt>
File: ./figs//mt-prune-2.pdf Graphic file (type pdf)
<use ./figs//mt-prune-2.pdf>
Package luatex.def Info: ./figs//mt-prune-2.pdf  used on input line 7803.
(luatex.def)             Requested size: 201.65753pt x 87.48788pt.
<./figs//mt-prune-3.pdf, id=2291, 462.72874pt x 200.75pt>
File: ./figs//mt-prune-3.pdf Graphic file (type pdf)
<use ./figs//mt-prune-3.pdf>
Package luatex.def Info: ./figs//mt-prune-3.pdf  used on input line 7804.
(luatex.def)             Requested size: 201.65753pt x 87.48788pt.



Package fontspec Info: 
(fontspec)             lmsans10-regular scale = .95.


Package fontspec Info: 
(fontspec)             lmsans10-regular scale = 1.

[117<./figs//mt-prune-1.pdf><./figs//mt-prune-2.pdf><./figs//mt-prune-3.pdf>]

LaTeX Warning: Reference `lemma:mt-privacy' on page 1 undefined on input line 7852.


LaTeX Warning: Reference `lemma:path-pruning-lower-and-upper' on page 1 undefined on input line 7919.

<./figs//mt-prune-good-case.pdf, id=2333, 718.685pt x 224.84pt>
File: ./figs//mt-prune-good-case.pdf Graphic file (type pdf)
<use ./figs//mt-prune-good-case.pdf>
Package luatex.def Info: ./figs//mt-prune-good-case.pdf  used on input line 7930.
(luatex.def)             Requested size: 224.06544pt x 70.09764pt.
<./figs//mt-prune-bad-case.pdf, id=2334, 718.685pt x 224.84pt>
File: ./figs//mt-prune-bad-case.pdf Graphic file (type pdf)
<use ./figs//mt-prune-bad-case.pdf>
Package luatex.def Info: ./figs//mt-prune-bad-case.pdf  used on input line 7933.
(luatex.def)             Requested size: 224.06544pt x 70.09764pt.



Package fontspec Info: 
(fontspec)             lmsans10-regular scale = .95.


Package fontspec Info: 
(fontspec)             lmsans10-regular scale = 1.

[118
Missing character: There is no ─ (U+2500) in font [./fonts/lmroman10-regular.otf]:mode=node;script=latn;language=dflt;+liga;+dlig;+tlig;!
Missing character: There is no ─ (U+2500) in font [./fonts/lmroman10-regular.otf]:mode=node;script=latn;language=dflt;+liga;+dlig;+tlig;!
]


Package fontspec Info: 
(fontspec)             lmsans10-regular scale = .95.


Package fontspec Info: 
(fontspec)             lmsans10-regular scale = 1.

[119<./figs//mt-prune-good-case.pdf><./figs//mt-prune-bad-case.pdf>]

LaTeX Warning: Reference `lemma:mt-colliding-paths' on page 120 undefined on input line 8069.


LaTeX Warning: Reference `lemma:simple-mt-colliding-paths' on page 120 undefined on input line 8069.


LaTeX Warning: Reference `lemma:mt-binding' on page 120 undefined on input line 8078.




Package fontspec Info: 
(fontspec)             lmsans10-regular scale = .95.


Package fontspec Info: 
(fontspec)             lmsans10-regular scale = 1.

[120]

LaTeX Warning: Reference `lemma:mt-extractability' on page 121 undefined on input line 8092.


LaTeX Warning: Reference `lemma:mt-multi-extractability' on page 121 undefined on input line 8092.


LaTeX Warning: Reference `lemma:mt-multi-configuration-multi-extractability' on page 121 undefined on input line 8092.


LaTeX Warning: Reference `construction:mt-extractor' on page 121 undefined on input line 8092.


LaTeX Warning: Reference `lemma:mt-extractability' on page 121 undefined on input line 8092.


LaTeX Warning: Reference `lemma:mt-multi-extractability' on page 121 undefined on input line 8092.


LaTeX Warning: Reference `lemma:mt-multi-configuration-multi-extractability' on page 121 undefined on input line 8092.


LaTeX Warning: Reference `lemma:mt-extractability-same-trees' on page 121 undefined on input line 8105.


LaTeX Warning: Reference `lemma:mt-root-hiding' on page 121 undefined on input line 8121.


LaTeX Warning: Reference `lemma:mt-privacy' on page 121 undefined on input line 8123.


LaTeX Warning: Reference `construction:mt-simulator' on page 121 undefined on input line 8123.




Package fontspec Info: 
(fontspec)             lmsans10-regular scale = .95.


Package fontspec Info: 
(fontspec)             lmsans10-regular scale = 1.

[121]
chapter 28.



Package fontspec Info: 
(fontspec)             lmsans10-regular scale = 1.

[122

]
<./figs//fork-of-transcripts-diagram.pdf, id=2427, 490.83376pt x 266.9975pt>
File: ./figs//fork-of-transcripts-diagram.pdf Graphic file (type pdf)
<use ./figs//fork-of-transcripts-diagram.pdf>
Package luatex.def Info: ./figs//fork-of-transcripts-diagram.pdf  used on input line 8192.
(luatex.def)             Requested size: 268.88127pt x 146.26648pt.
<./figs//tree-of-transcripts-diagram.pdf, id=2430, 1027.84pt x 359.3425pt>
File: ./figs//tree-of-transcripts-diagram.pdf Graphic file (type pdf)
<use ./figs//tree-of-transcripts-diagram.pdf>
Package luatex.def Info: ./figs//tree-of-transcripts-diagram.pdf  used on input line 8231.
(luatex.def)             Requested size: 425.72299pt x 148.83923pt.



Package fontspec Info: 
(fontspec)             lmsans10-regular scale = .95.


Package fontspec Info: 
(fontspec)             lmsans10-regular scale = 1.

[123<./figs//fork-of-transcripts-diagram.pdf>]

LaTeX Warning: Reference `definition:sp-knowledge-soundness' on page 1 undefined on input line 8283.




Package fontspec Info: 
(fontspec)             lmsans10-regular scale = .95.


Package fontspec Info: 
(fontspec)             lmsans10-regular scale = 1.

[124<./figs//tree-of-transcripts-diagram.pdf>]


Package fontspec Info: 
(fontspec)             lmsans10-regular scale = .95.


Package fontspec Info: 
(fontspec)             lmsans10-regular scale = 1.

[125]


Package fontspec Info: 
(fontspec)             lmsans10-regular scale = .95.


Package fontspec Info: 
(fontspec)             lmsans10-regular scale = 1.

[126]
Overfull \hbox (94.992pt too wide) detected at line 8460
[][]\OMS/cmsy/m/n/10.95 j\U/bbm/m/n/10.95 x\OMS/cmsy/m/n/10.95 j  \OML/cmm/m/it/10.95 n  \OMS/cmsy/m/n/10.95 ^  \OML/cmm/m/it/10.95 F[]a[]  \OMS/cmsy/m/n/10.95 ^  \TU/lmroman10-regular.otf(0)/b/n/10.95 V[]\OT1/cmr/m/n/10.95 (\U/bbm/m/n/10.95 x\OML/cmm/m/it/10.95 ; []; ; []\OT1/cmr/m/n/10.95 ) = 1 []  [] [] \OMS/cmsy/m/n/10.95  \OT1/cmr/m/n/10.95 (\OML/cmm/m/it/10.95 t \OT1/cmr/m/n/10.95 + 1) []\OML/cmm/m/it/10.95 :
 []




Package fontspec Info: 
(fontspec)             lmsans10-regular scale = .95.


Package fontspec Info: 
(fontspec)             lmsans10-regular scale = 1.

[127]
Overfull \hbox (10.60411pt too wide) in paragraph at lines 8539--8542
|\JY3/LXGWWenKaiScreen(0)/b/n/10.95 证 |明\TU/lmroman10-regular.otf(0)/b/n/10.95 . $E[]$ |\JY3/LXGWWenKaiScreen(0)/m/n/10.95 的 |失 |败 [] |等 |于 $[]$ |的 |失 |败 [] []  |上 |界 |如 |引 |理 [][]\TU/lmroman10-regular.otf(0)/m/n/10.95 28.3.2[][][]  |\JY3/LXGWWenKaiScreen(0)/m/n/10.95 其 |期 |望 |运 |行 |时 |间 |为 $[]$
 []


Overfull \hbox (124.56245pt too wide) detected at line 8604
[][]
 []




Package fontspec Info: 
(fontspec)             lmsans10-regular scale = .95.


Package fontspec Info: 
(fontspec)             lmsans10-regular scale = 1.

[128]

LaTeX Warning: Reference `section:details-for-ss-to-knowledge-soundness' on page 1 undefined on input line 8612.

LaTeX Font Info:    Trying loading font information for U+euf on input line 8633.
(/usr/local/texlive/2025/texmf-dist/tex/latex/amsfonts/ueuf.fd
File: ueuf.fd 2013/01/14 v3.01 Euler Fraktur
) (/usr/local/texlive/2025/texmf-dist/tex/latex/microtype/mt-euf.cfg
File: mt-euf.cfg 2006/07/03 v1.1 microtype config. file: AMS Euler Fraktur (RS)
)


Package fontspec Info: 
(fontspec)             lmsans10-regular scale = .95.


Package fontspec Info: 
(fontspec)             lmsans10-regular scale = 1.

[129]
Overfull \hbox (220.0916pt too wide) detected at line 8746
[][]\OMS/cmsy/m/n/10.95 j\U/bbm/m/n/10.95 x\OMS/cmsy/m/n/10.95 j  \OML/cmm/m/it/10.95 n \OMS/cmsy/m/n/10.95 ^ \OML/cmm/m/it/10.95 T[]\OT1/cmr/m/n/10.95 (\OML/cmm/m/it/10.95 a[]; [] ; a[]\OT1/cmr/m/n/10.95 )[] \OMS/cmsy/m/n/10.95 ^ \OML/cmm/m/it/10.95 b \OT1/cmr/m/n/10.95 = 1 []  [] [] \OMS/cmsy/m/n/10.95  \OT1/cmr/m/n/10.95 (\OML/cmm/m/it/10.95 t \OT1/cmr/m/n/10.95 + 1) 1 \OMS/cmsy/m/n/10.95 ^^@ [] [] \OML/cmm/m/it/10.95 :
 []




Package fontspec Info: 
(fontspec)             lmsans10-regular scale = .95.


Package fontspec Info: 
(fontspec)             lmsans10-regular scale = 1.

[130]

LaTeX Warning: Reference `construction:ss-ip-sr-fork-finder' on page 131 undefined on input line 8796.


Overfull \hbox (57.12526pt too wide) detected at line 8806
[][]\OMS/cmsy/m/n/10.95 j\U/bbm/m/n/10.95 x\OMS/cmsy/m/n/10.95 j  \OML/cmm/m/it/10.95 n  \OMS/cmsy/m/n/10.95 ^  \OML/cmm/m/it/10.95 T[]a[]; [] ; a[][]  \OMS/cmsy/m/n/10.95 ^  \TU/lmroman10-regular.otf(0)/b/n/10.95 V[]\OT1/cmr/m/n/10.95 (\U/bbm/m/n/10.95 x\OML/cmm/m/it/10.95 ; \OT1/cmr/m/n/10.95 (\OML/cmm/m/it/10.95 []\OT1/cmr/m/n/10.95 )[]\OML/cmm/m/it/10.95 ; \OT1/cmr/m/n/10.95 (\OML/cmm/m/it/10.95 []\OT1/cmr/m/n/10.95 )[]) = 1[] \OMS/cmsy/m/n/10.95  \OT1/cmr/m/n/10.95 (\OML/cmm/m/it/10.95 t \OT1/cmr/m/n/10.95 + 1) \OMS/cmsy/m/n/10.95  [] \OML/cmm/m/it/10.95 ;
 []


LaTeX Warning: Reference `construction:ss-ip-sr-fork-finder' on page 1 undefined on input line 8814.




Package fontspec Info: 
(fontspec)             lmsans10-regular scale = .95.


Package fontspec Info: 
(fontspec)             lmsans10-regular scale = 1.

[131]

LaTeX Warning: Reference `claim:ss-sr-ip-upper-bound-on-expected-time' on page 132 undefined on input line 8836.


Overfull \hbox (94.62979pt too wide) detected at line 8881
\OMS/cmsy/m/n/10.95 f\OML/cmm/m/it/10.95 T\OMS/cmsy/m/n/10.95 g[] [] f[]\OT1/cmr/m/n/10.95 [5]\OMS/cmsy/m/n/10.95 g[]
 []




Package fontspec Info: 
(fontspec)             lmsans10-regular scale = .95.


Package fontspec Info: 
(fontspec)             lmsans10-regular scale = 1.

[132]

LaTeX Warning: Reference `claim:ss-sr-ip-upper-bound-on-expected-time' on page 133 undefined on input line 8958.


LaTeX Warning: Reference `claim:ss-sr-ip-upper-bound-on-expected-time' on page 133 undefined on input line 9007.




Package fontspec Info: 
(fontspec)             lmsans10-regular scale = .95.


Package fontspec Info: 
(fontspec)             lmsans10-regular scale = 1.

[133]
chapter 29.

LaTeX Warning: Reference `construction:slow-fs-for-public-coin-ip' on page 134 undefined on input line 9012.




Package fontspec Info: 
(fontspec)             lmsans10-regular scale = 1.

[134

]

LaTeX Warning: Reference `def:iop-round-by-round-knowledge' on page 1 undefined on input line 9159.




Package fontspec Info: 
(fontspec)             lmsans10-regular scale = .95.


Package fontspec Info: 
(fontspec)             lmsans10-regular scale = 1.

[135]
Overfull \hbox (57.759pt too wide) detected at line 9198
[][]  [] [] [][][]\OML/cmm/m/it/10.95 :
 []




Package fontspec Info: 
(fontspec)             lmsans10-regular scale = .95.


Package fontspec Info: 
(fontspec)             lmsans10-regular scale = 1.

[136]

LaTeX Warning: Reference `def:iop-round-by-round-knowledge' on page 1 undefined on input line 9270.




Package fontspec Info: 
(fontspec)             lmsans10-regular scale = .95.


Package fontspec Info: 
(fontspec)             lmsans10-regular scale = 1.

[137]
chapter 30.



Package fontspec Info: 
(fontspec)             lmsans10-regular scale = 1.

[138

]
Overfull \hbox (40.45578pt too wide) in paragraph at lines 9366--9367
[]|\JY3/LXGWWenKaiScreen(0)/m/n/10.95 论 |证 |验 |证 |者 $\OMS/cmsy/m/n/10.95 V$ |\JY3/LXGWWenKaiScreen(0)/m/n/10.95 的 |运 |行 |时 |间 |至 |少 |为 $[]\OT1/cmr/m/n/10.95 ([]) + [](\U/bbm/m/n/10.95 x\OT1/cmr/m/n/10.95 )$  [] |\JY3/LXGWWenKaiScreen(0)/m/n/10.95 因 |其 |输 |入 |为 $[]$ |和 $\U/bbm/m/n/10.95 x$[] []  |\JY3/LXGWWenKaiScreen(0)/m/n/10.95 通 [] |至 |多 |为 $[]\OT1/cmr/m/n/10.95 ([]([])\OML/cmm/m/it/10.95 ; []\OT1/cmr/m/n/10.95 (\U/bbm/m/n/10.95 x\OT1/cmr/m/n/10.95 ))$[]
 []

<./figs//narg-diagram.pdf, id=2726, 413.545pt x 191.71625pt>
File: ./figs//narg-diagram.pdf Graphic file (type pdf)
<use ./figs//narg-diagram.pdf>
Package luatex.def Info: ./figs//narg-diagram.pdf  used on input line 9374.
(luatex.def)             Requested size: 179.24962pt x 83.10043pt.
LaTeX Font Info:    Font shape `JT3/LXGWWenKaiScreen(0)/b/n' will be
(Font)              scaled to size 9.6222pt on input line 9375.
LaTeX Font Info:    Font shape `JY3/LXGWWenKaiScreen(0)/b/n' will be
(Font)              scaled to size 9.6222pt on input line 9375.
<./figs//iarg-diagram.pdf, id=2727, 413.545pt x 191.71625pt>
File: ./figs//iarg-diagram.pdf Graphic file (type pdf)
<use ./figs//iarg-diagram.pdf>
Package luatex.def Info: ./figs//iarg-diagram.pdf  used on input line 9381.
(luatex.def)             Requested size: 179.24962pt x 83.10043pt.



Package fontspec Info: 
(fontspec)             lmsans10-regular scale = .95.


Package fontspec Info: 
(fontspec)             lmsans10-regular scale = 1.

[139<./figs//narg-diagram.pdf><./figs//iarg-diagram.pdf>]
File: ./figs//sp-diagram.pdf Graphic file (type pdf)
<use ./figs//sp-diagram.pdf>
Package luatex.def Info: ./figs//sp-diagram.pdf  used on input line 9419.
(luatex.def)             Requested size: 179.24962pt x 88.93369pt.
File: ./figs//ip-diagram.pdf Graphic file (type pdf)
<use ./figs//ip-diagram.pdf>
Package luatex.def Info: ./figs//ip-diagram.pdf  used on input line 9426.
(luatex.def)             Requested size: 179.24962pt x 151.05162pt.
File: ./figs//pcp-diagram.pdf Graphic file (type pdf)
<use ./figs//pcp-diagram.pdf>
Package luatex.def Info: ./figs//pcp-diagram.pdf  used on input line 9432.
(luatex.def)             Requested size: 179.24962pt x 42.8108pt.
<./figs//iop-diagram.pdf, id=2777, 516.93124pt x 352.31625pt>
File: ./figs//iop-diagram.pdf Graphic file (type pdf)
<use ./figs//iop-diagram.pdf>
Package luatex.def Info: ./figs//iop-diagram.pdf  used on input line 9439.
(luatex.def)             Requested size: 179.24962pt x 122.16747pt.



Package fontspec Info: 
(fontspec)             lmsans10-regular scale = .95.


Package fontspec Info: 
(fontspec)             lmsans10-regular scale = 1.

[140<./figs//iop-diagram.pdf>]


Package fontspec Info: 
(fontspec)             lmsans10-regular scale = .95.


Package fontspec Info: 
(fontspec)             lmsans10-regular scale = 1.

[141]

LaTeX Warning: Reference `remark:probabilistic-iop-indexer' on page 1 undefined on input line 9601.




Package fontspec Info: 
(fontspec)             lmsans10-regular scale = .95.


Package fontspec Info: 
(fontspec)             lmsans10-regular scale = 1.

[142]

LaTeX Warning: Reference `definition:iop-public-coin' on page 1 undefined on input line 9643.


LaTeX Warning: Reference `definition:iop-knowledge-soundness' on page 1 undefined on input line 9681.


LaTeX Warning: Reference `definition:iop-knowledge-straightline' on page 1 undefined on input line 9681.




Package fontspec Info: 
(fontspec)             lmsans10-regular scale = .95.


Package fontspec Info: 
(fontspec)             lmsans10-regular scale = 1.

[143]
Overfull \hbox (213.0015pt too wide) detected at line 9713
[][]\OT1/cmr/m/n/10.95 (\U/bbm/m/n/10.95 i\OML/cmm/m/it/10.95 ; \U/bbm/m/n/10.95 x\OML/cmm/m/it/10.95 ; \U/bbm/m/n/10.95 w\OT1/cmr/m/n/10.95 ) [] \OMS/cmsy/m/n/10.95 R[] ^ \OML/cmm/m/it/10.95 b \OT1/cmr/m/n/10.95 = 1  []  (\U/bbm/m/n/10.95 i[]\OML/cmm/m/it/10.95 ; \U/bbm/m/n/10.95 i[]\OT1/cmr/m/n/10.95 ) [][]= \TU/lmroman10-regular.otf(0)/b/n/10.95 I[]\OT1/cmr/m/n/10.95 (\U/bbm/m/n/10.95 i\OT1/cmr/m/n/10.95 )\OML/cmm/m/it/10.95 ;  b \OMS/cmsy/m/n/10.95   h[]\OML/cmm/m/it/10.95 ; \TU/lmroman10-regular.otf(0)/b/n/10.95 V[]\OT1/cmr/m/n/10.95 (\U/bbm/m/n/10.95 x\OT1/cmr/m/n/10.95 )\OMS/cmsy/m/n/10.95 i[]\OML/cmm/m/it/10.95 ;  \U/bbm/m/n/10.95 w \OMS/cmsy/m/n/10.95   \TU/lmroman10-regular.otf(0)/b/n/10.95 E[]\OT1/cmr/m/n/10.95 (\U/bbm/m/n/10.95 i\OML/cmm/m/it/10.95 ; \U/bbm/m/n/10.95 x\OML/cmm/m/it/10.95 ; \OT1/cmr/m/n/10.95 ([])[]\OML/cmm/m/it/10.95 ; \OT1/cmr/m/n/10.95 (\OML/cmm/m/it/10.95 []\OT1/cmr/m/n/10.95 )[]\OML/cmm/m/it/10.95 ; \OMS/cmsy/m/n/10.95 O[]\OT1/cmr/m/n/10.95 )[] \OMS/cmsy/m/n/10.95  \OML/cmm/m/it/10.95 [][]\U/bbm/m/n/10.95 i\OML/cmm/m/it/10.95 ; \U/bbm/m/n/10.95 x\OML/cmm/m/it/10.95 ; []\OT1/cmr/m/n/10.95 (\U/bbm/m/n/10.95 i\OML/cmm/m/it/10.95 ; \U/bbm/m/n/10.95 x\OT1/cmr/m/n/10.95 )[]\OML/cmm/m/it/10.95 ;
 []


Overfull \hbox (78.1587pt too wide) detected at line 9734
[][]\OT1/cmr/m/n/10.95 (\U/bbm/m/n/10.95 i\OML/cmm/m/it/10.95 ; \U/bbm/m/n/10.95 x\OML/cmm/m/it/10.95 ; \U/bbm/m/n/10.95 w\OT1/cmr/m/n/10.95 ) [] \OMS/cmsy/m/n/10.95 R[] ^ \OML/cmm/m/it/10.95 b \OT1/cmr/m/n/10.95 = 1  []  (\U/bbm/m/n/10.95 i[]\OML/cmm/m/it/10.95 ; \U/bbm/m/n/10.95 i[]\OT1/cmr/m/n/10.95 ) [][]= \TU/lmroman10-regular.otf(0)/b/n/10.95 I[]\OT1/cmr/m/n/10.95 (\U/bbm/m/n/10.95 i\OT1/cmr/m/n/10.95 )\OML/cmm/m/it/10.95 ;  b \OMS/cmsy/m/n/10.95   h[]\OML/cmm/m/it/10.95 ; \TU/lmroman10-regular.otf(0)/b/n/10.95 V[]\OT1/cmr/m/n/10.95 (\U/bbm/m/n/10.95 x\OT1/cmr/m/n/10.95 )\OMS/cmsy/m/n/10.95 i[]\OML/cmm/m/it/10.95 ;  \U/bbm/m/n/10.95 w \OMS/cmsy/m/n/10.95   \TU/lmroman10-regular.otf(0)/b/n/10.95 E[]\OT1/cmr/m/n/10.95 (\U/bbm/m/n/10.95 i\OML/cmm/m/it/10.95 ; \U/bbm/m/n/10.95 x\OML/cmm/m/it/10.95 ; \OT1/cmr/m/n/10.95 ([])[])[] \OMS/cmsy/m/n/10.95  \OML/cmm/m/it/10.95 []\OT1/cmr/m/n/10.95 (\U/bbm/m/n/10.95 i\OML/cmm/m/it/10.95 ; \U/bbm/m/n/10.95 x\OT1/cmr/m/n/10.95 )\OML/cmm/m/it/10.95 :
 []


Overfull \hbox (30.018pt too wide) in paragraph at lines 9749--9750
[]|\JY3/LXGWWenKaiScreen(0)/m/n/10.95 将 \TU/lmroman10-regular.otf(0)/m/n/10.95 IOP |\JY3/LXGWWenKaiScreen(0)/m/n/10.95 的 |接 |受 |条 |件 $\TU/lmroman10-regular.otf(0)/b/n/10.95 V[][]\U/bbm/m/n/10.95 x\OML/cmm/m/it/10.95 ; \OT1/cmr/m/n/10.95 (\OML/cmm/m/it/10.95 []\OT1/cmr/m/n/10.95 )[][] = 1$ |\JY3/LXGWWenKaiScreen(0)/m/n/10.95 替 |换 |为 |全 |息 \TU/lmroman10-regular.otf(0)/m/n/10.95 IOP |\JY3/LXGWWenKaiScreen(0)/m/n/10.95 的 |接 |受 |条 |件 $\TU/lmroman10-regular.otf(0)/b/n/10.95 V[][]\U/bbm/m/n/10.95 x\OML/cmm/m/it/10.95 ; \OT1/cmr/m/n/10.95 (\OML/cmm/m/it/10.95 []\OT1/cmr/m/n/10.95 )[][] =
 []


LaTeX Warning: Reference `section:cos-soundness' on page 1 undefined on input line 9752.


Overfull \hbox (394.16925pt too wide) detected at line 9809
[][]\OMS/cmsy/m/n/10.95 j\U/bbm/m/n/10.95 i\OMS/cmsy/m/n/10.95 j  \OML/cmm/m/it/10.95 k \OMS/cmsy/m/n/10.95 ^ j\U/bbm/m/n/10.95 x\OMS/cmsy/m/n/10.95 j  \OML/cmm/m/it/10.95 n \OMS/cmsy/m/n/10.95 ^ \OT1/cmr/m/n/10.95 (\U/bbm/m/n/10.95 i\OML/cmm/m/it/10.95 ; \U/bbm/m/n/10.95 x\OT1/cmr/m/n/10.95 ) [] \OMS/cmsy/m/n/10.95 L\OT1/cmr/m/n/10.95 (\OMS/cmsy/m/n/10.95 R[]\OT1/cmr/m/n/10.95 ) \OMS/cmsy/m/n/10.95 ^ \TU/lmroman10-regular.otf(0)/b/n/10.95 V[][]\U/bbm/m/n/10.95 x\OML/cmm/m/it/10.95 ; \OT1/cmr/m/n/10.95 (\OML/cmm/m/it/10.95 []\OT1/cmr/m/n/10.95 )[][] = 1  []  [] \OMS/cmsy/m/n/10.95   U\OT1/cmr/m/n/10.95 ((\TU/lmsans10-regular.otf(0)/m/n/10.95 r[]\OT1/cmr/m/n/10.95 ))\OML/cmm/m/it/10.95 ;  []\U/bbm/m/n/10.95 i\OML/cmm/m/it/10.95 ; \U/bbm/m/n/10.95 x\OML/cmm/m/it/10.95 ; \OT1/cmr/m/n/10.95 ([])[]\OML/cmm/m/it/10.95 ; \OT1/cmr/m/n/10.95 (\OML/cmm/m/it/10.95 []\OT1/cmr/m/n/10.95 )[]\OML/cmm/m/it/10.95 ; \OT1/cmr/m/n/10.95 (\OML/cmm/m/it/10.95 []\OT1/cmr/m/n/10.95 )[][] \OMS/cmsy/m/n/10.95   [] [] [][]\OT1/cmr/m/n/10.95 (\OML/cmm/m/it/10.95 s; []; []\OT1/cmr/m/n/10.95 )\OML/cmm/m/it/10.95 ;  \OT1/cmr/m/n/10.95 (\U/bbm/m/n/10.95 i[]\OML/cmm/m/it/10.95 ; \U/bbm/m/n/10.95 i[]\OT1/cmr/m/n/10.95 ) [][]= \TU/lmroman10-regular.otf(0)/b/n/10.95 I[]\OT1/cmr/m/n/10.95 (\U/bbm/m/n/10.95 i\OT1/cmr/m/n/10.95 )[] \OMS/cmsy/m/n/10.95  \OML/cmm/m/it/10.95 []\OT1/cmr/m/n/10.95 (\OML/cmm/m/it/10.95 s; t; k; n\OT1/cmr/m/n/10.95 )\OML/cmm/m/it/10.95 :
 []




Package fontspec Info: 
(fontspec)             lmsans10-regular scale = .95.


Package fontspec Info: 
(fontspec)             lmsans10-regular scale = 1.

[144]
Overfull \hbox (568.37004pt too wide) detected at line 9829
[][]\OMS/cmsy/m/n/10.95 j\U/bbm/m/n/10.95 i\OMS/cmsy/m/n/10.95 j  \OML/cmm/m/it/10.95 k \OMS/cmsy/m/n/10.95 ^ j\U/bbm/m/n/10.95 x\OMS/cmsy/m/n/10.95 j  \OML/cmm/m/it/10.95 n \OMS/cmsy/m/n/10.95 ^ \OT1/cmr/m/n/10.95 (\U/bbm/m/n/10.95 i\OML/cmm/m/it/10.95 ; \U/bbm/m/n/10.95 x\OML/cmm/m/it/10.95 ; \U/bbm/m/n/10.95 w\OT1/cmr/m/n/10.95 ) [] \OMS/cmsy/m/n/10.95 R[] ^ \TU/lmroman10-regular.otf(0)/b/n/10.95 V[][]\U/bbm/m/n/10.95 x\OML/cmm/m/it/10.95 ; \OT1/cmr/m/n/10.95 (\OML/cmm/m/it/10.95 []\OT1/cmr/m/n/10.95 )[][] = 1  []  [] \OMS/cmsy/m/n/10.95   U\OT1/cmr/m/n/10.95 ((\TU/lmsans10-regular.otf(0)/m/n/10.95 r[]\OT1/cmr/m/n/10.95 ))\OML/cmm/m/it/10.95 ;  []\U/bbm/m/n/10.95 i\OML/cmm/m/it/10.95 ; \U/bbm/m/n/10.95 x\OML/cmm/m/it/10.95 ; \OT1/cmr/m/n/10.95 ([])[]\OML/cmm/m/it/10.95 ; \OT1/cmr/m/n/10.95 (\OML/cmm/m/it/10.95 []\OT1/cmr/m/n/10.95 )[]\OML/cmm/m/it/10.95 ; \OT1/cmr/m/n/10.95 (\OML/cmm/m/it/10.95 []\OT1/cmr/m/n/10.95 )[][] [] [] [] [][](\OML/cmm/m/it/10.95 s; []; []\OT1/cmr/m/n/10.95 )\OML/cmm/m/it/10.95 ;  \OT1/cmr/m/n/10.95 (\U/bbm/m/n/10.95 i[]\OML/cmm/m/it/10.95 ; \U/bbm/m/n/10.95 i[]\OT1/cmr/m/n/10.95 ) [][]= \TU/lmroman10-regular.otf(0)/b/n/10.95 I[]\OT1/cmr/m/n/10.95 (\U/bbm/m/n/10.95 i\OT1/cmr/m/n/10.95 )\OML/cmm/m/it/10.95 ;  \U/bbm/m/n/10.95 w \OMS/cmsy/m/n/10.95   \TU/lmroman10-regular.otf(0)/b/n/10.95 E[]\OT1/cmr/m/n/10.95 (\U/bbm/m/n/10.95 i\OML/cmm/m/it/10.95 ; \U/bbm/m/n/10.95 x\OML/cmm/m/it/10.95 ; \OT1/cmr/m/n/10.95 ([])[]\OML/cmm/m/it/10.95 ; \OT1/cmr/m/n/10.95 (\OML/cmm/m/it/10.95 []\OT1/cmr/m/n/10.95 )\OML/cmm/m/it/10.95 ; [][]\OT1/cmr/m/n/10.95 )[] \OMS/cmsy/m/n/10.95  \OML/cmm/m/it/10.95 []\OT1/cmr/m/n/10.95 (\OML/cmm/m/it/10.95 s; t; k; n\OT1/cmr/m/n/10.95 )\OML/cmm/m/it/10.95 :
 []


Overfull \hbox (319.34686pt too wide) detected at line 9847
[][]\OMS/cmsy/m/n/10.95 j\U/bbm/m/n/10.95 i\OMS/cmsy/m/n/10.95 j \OML/cmm/m/it/10.95 > k \OMS/cmsy/m/n/10.95 _ j\U/bbm/m/n/10.95 x\OMS/cmsy/m/n/10.95 j \OML/cmm/m/it/10.95 > n \OMS/cmsy/m/n/10.95 _ \TU/lmroman10-regular.otf(0)/b/n/10.95 V[][]\U/bbm/m/n/10.95 x\OML/cmm/m/it/10.95 ; \OT1/cmr/m/n/10.95 (\OML/cmm/m/it/10.95 []\OT1/cmr/m/n/10.95 )[][] = 0  []  [] \OMS/cmsy/m/n/10.95   U\OT1/cmr/m/n/10.95 ((\TU/lmsans10-regular.otf(0)/m/n/10.95 r[]\OT1/cmr/m/n/10.95 ))\OML/cmm/m/it/10.95 ;  []\U/bbm/m/n/10.95 i\OML/cmm/m/it/10.95 ; \U/bbm/m/n/10.95 x\OML/cmm/m/it/10.95 ; \OT1/cmr/m/n/10.95 ([])[]\OML/cmm/m/it/10.95 ; \OT1/cmr/m/n/10.95 (\OML/cmm/m/it/10.95 []\OT1/cmr/m/n/10.95 )[]\OML/cmm/m/it/10.95 ; \OT1/cmr/m/n/10.95 (\OML/cmm/m/it/10.95 []\OT1/cmr/m/n/10.95 )[][] \OMS/cmsy/m/n/10.95   [] [] [][]\OT1/cmr/m/n/10.95 (\OML/cmm/m/it/10.95 s; []; []\OT1/cmr/m/n/10.95 )\OML/cmm/m/it/10.95 ;  \OT1/cmr/m/n/10.95 (\U/bbm/m/n/10.95 i[]\OML/cmm/m/it/10.95 ; \U/bbm/m/n/10.95 i[]\OT1/cmr/m/n/10.95 ) [][]= \TU/lmroman10-regular.otf(0)/b/n/10.95 I[]\OT1/cmr/m/n/10.95 (\U/bbm/m/n/10.95 i\OT1/cmr/m/n/10.95 )[] \OMS/cmsy/m/n/10.95  \OML/cmm/m/it/10.95 []\OT1/cmr/m/n/10.95 (\OML/cmm/m/it/10.95 s; k; n\OT1/cmr/m/n/10.95 )\OML/cmm/m/it/10.95 ;
 []


Overfull \hbox (710.19597pt too wide) detected at line 9868
[][]\OMS/cmsy/m/n/10.95 j\U/bbm/m/n/10.95 i\OMS/cmsy/m/n/10.95 j  \OML/cmm/m/it/10.95 k \OMS/cmsy/m/n/10.95 ^ j\U/bbm/m/n/10.95 x\OMS/cmsy/m/n/10.95 j  \OML/cmm/m/it/10.95 n \OMS/cmsy/m/n/10.95 ^ \OT1/cmr/m/n/10.95 (\U/bbm/m/n/10.95 i\OML/cmm/m/it/10.95 ; \U/bbm/m/n/10.95 x\OML/cmm/m/it/10.95 ; \U/bbm/m/n/10.95 w\OT1/cmr/m/n/10.95 ) [] \OMS/cmsy/m/n/10.95 R[] ^ \TU/lmroman10-regular.otf(0)/b/n/10.95 V[][]\U/bbm/m/n/10.95 x\OML/cmm/m/it/10.95 ; \OT1/cmr/m/n/10.95 (\OML/cmm/m/it/10.95 []\OT1/cmr/m/n/10.95 )[][] = 1  []  [] \OMS/cmsy/m/n/10.95   U\OT1/cmr/m/n/10.95 ((\TU/lmsans10-regular.otf(0)/m/n/10.95 r[]\OT1/cmr/m/n/10.95 ))\OML/cmm/m/it/10.95 ;  []\U/bbm/m/n/10.95 i\OML/cmm/m/it/10.95 ; \U/bbm/m/n/10.95 x\OML/cmm/m/it/10.95 ; \OT1/cmr/m/n/10.95 ([])[]\OML/cmm/m/it/10.95 ; \OT1/cmr/m/n/10.95 (\OML/cmm/m/it/10.95 []\OT1/cmr/m/n/10.95 )[]\OML/cmm/m/it/10.95 ; \OT1/cmr/m/n/10.95 (\OML/cmm/m/it/10.95 []\OT1/cmr/m/n/10.95 )[][] [] [] [] [][](\OML/cmm/m/it/10.95 s; []; []\OT1/cmr/m/n/10.95 )\OML/cmm/m/it/10.95 ;  \OT1/cmr/m/n/10.95 (\U/bbm/m/n/10.95 i[]\OML/cmm/m/it/10.95 ; \U/bbm/m/n/10.95 i[]\OT1/cmr/m/n/10.95 ) [][]= \TU/lmroman10-regular.otf(0)/b/n/10.95 I[]\OT1/cmr/m/n/10.95 (\U/bbm/m/n/10.95 i\OT1/cmr/m/n/10.95 )\OML/cmm/m/it/10.95 ;  \U/bbm/m/n/10.95 w \OMS/cmsy/m/n/10.95   \TU/lmroman10-regular.otf(0)/b/n/10.95 E[]\OT1/cmr/m/n/10.95 (\U/bbm/m/n/10.95 i\OML/cmm/m/it/10.95 ; \U/bbm/m/n/10.95 x\OML/cmm/m/it/10.95 ; \OT1/cmr/m/n/10.95 ([])[]\OML/cmm/m/it/10.95 ; \OT1/cmr/m/n/10.95 (\OML/cmm/m/it/10.95 []\OT1/cmr/m/n/10.95 )\OML/cmm/m/it/10.95 ; \OT1/cmr/m/n/10.95 (\OML/cmm/m/it/10.95 []\OT1/cmr/m/n/10.95 )[]\OML/cmm/m/it/10.95 ; [][]; \OMS/cmsy/m/n/10.95 O[]\OT1/cmr/m/n/10.95 )[] \OMS/cmsy/m/n/10.95  \OML/cmm/m/it/10.95 []\OT1/cmr/m/n/10.95 (\OML/cmm/m/it/10.95 s; t; k; n; []\OT1/cmr/m/n/10.95 (\OML/cmm/m/it/10.95 s; k; n\OT1/cmr/m/n/10.95 ))
 []




Package fontspec Info: 
(fontspec)             lmsans10-regular scale = .95.


Package fontspec Info: 
(fontspec)             lmsans10-regular scale = 1.

[145]


Package fontspec Info: 
(fontspec)             lmsans10-regular scale = .95.


Package fontspec Info: 
(fontspec)             lmsans10-regular scale = 1.

[146]

LaTeX Warning: Reference `equation:bcs-prover-to-verifier' on page 1 undefined on input line 10049.

File: ./figs//narg-diagram.pdf Graphic file (type pdf)
<use ./figs//narg-diagram.pdf>
Package luatex.def Info: ./figs//narg-diagram.pdf  used on input line 10078.
(luatex.def)             Requested size: 179.24962pt x 83.10043pt.
<./figs//bcs-diagram.pdf, id=2911, 1028.84375pt x 782.925pt>
File: ./figs//bcs-diagram.pdf Graphic file (type pdf)
<use ./figs//bcs-diagram.pdf>
Package luatex.def Info: ./figs//bcs-diagram.pdf  used on input line 10080.
(luatex.def)             Requested size: 358.50609pt x 272.82126pt.

LaTeX Warning: Reference `section:cos-soundness' on page 1 undefined on input line 10091.


LaTeX Warning: Reference `section:cos-knowledge-soundness' on page 1 undefined on input line 10091.




Package fontspec Info: 
(fontspec)             lmsans10-regular scale = .95.


Package fontspec Info: 
(fontspec)             lmsans10-regular scale = 1.

[147]


Package fontspec Info: 
(fontspec)             lmsans10-regular scale = .95.


Package fontspec Info: 
(fontspec)             lmsans10-regular scale = 1.

[148<./figs//bcs-diagram.pdf>]


Package fontspec Info: 
(fontspec)             lmsans10-regular scale = .95.


Package fontspec Info: 
(fontspec)             lmsans10-regular scale = 1.

[149]
Overfull \hbox (148.893pt too wide) in paragraph at lines 10260--10268
[]|\JY3/LXGWWenKaiScreen(1)/m/it/10.95 重 |绕 |型 |知 |识 |可 |靠 |性 |误 |差 $\OML/cmm/m/it/10.95 []\OT1/cmr/m/n/10.95 ((\U/bbm/m/n/10.95 i\OML/cmm/m/it/10.95 ; \U/bbm/m/n/10.95 x\OT1/cmr/m/n/10.95 )\OML/cmm/m/it/10.95 ; []\OT1/cmr/m/n/10.95 ((\U/bbm/m/n/10.95 i\OML/cmm/m/it/10.95 ; \U/bbm/m/n/10.95 x\OT1/cmr/m/n/10.95 ))) \OMS/cmsy/m/n/10.95  \OML/cmm/m/it/10.95 []\OT1/cmr/m/n/10.95 (\U/bbm/m/n/10.95 i\OML/cmm/m/it/10.95 ; \U/bbm/m/n/10.95 x\OML/cmm/m/it/10.95 ; []\OT1/cmr/m/n/10.95 (\U/bbm/m/n/10.95 i\OML/cmm/m/it/10.95 ; \U/bbm/m/n/10.95 x\OT1/cmr/m/n/10.95 ))$ |\JY3/LXGWWenKaiScreen(1)/m/it/10.95 且 |提 |取 |时 |间 $[][]\OT1/cmr/m/n/10.95 ((\U/bbm/m/n/10.95 i\OML/cmm/m/it/10.95 ; \U/bbm/m/n/10.95 x\OT1/cmr/m/n/10.95 )\OML/cmm/m/it/10.95 ; []\OT1/cmr/m/n/10.95 ((\U/bbm/m/n/10.95 i\OML/cmm/m/it/10.95 ; \U/bbm/m/n/10.95 x\OT1/cmr/m/n/10.95 ))\OML/cmm/m/it/10.95 ; []\OT1/cmr/m/n/10.95 ((\U/bbm/m/n/10.95 i\OML/cmm/m/it/10.95 ; \U/bbm/m/n/10.95 x\OT1/cmr/m/n/10.95 ))) \OMS/cmsy/m/n/10.95 
 []




Package fontspec Info: 
(fontspec)             lmsans10-regular scale = .95.


Package fontspec Info: 
(fontspec)             lmsans10-regular scale = 1.

[150]
Overfull \hbox (64.26796pt too wide) in paragraph at lines 10276--10286
|\JY3/LXGWWenKaiScreen(1)/m/it/10.95 且 |提 |取 |时 |间 $[][]\OT1/cmr/m/n/10.95 (\OML/cmm/m/it/10.95 s; t; k \OT1/cmr/m/n/10.95 + \OML/cmm/m/it/10.95 n; []\OT1/cmr/m/n/10.95 (\OML/cmm/m/it/10.95 s; k \OT1/cmr/m/n/10.95 + \OML/cmm/m/it/10.95 n\OT1/cmr/m/n/10.95 )\OML/cmm/m/it/10.95 ; []\OT1/cmr/m/n/10.95 (\OML/cmm/m/it/10.95 s; k \OT1/cmr/m/n/10.95 + \OML/cmm/m/it/10.95 n\OT1/cmr/m/n/10.95 )) \OMS/cmsy/m/n/10.95  [][]\OT1/cmr/m/n/10.95 (\OML/cmm/m/it/10.95 s; t; k; n; []\OT1/cmr/m/n/10.95 (\OML/cmm/m/it/10.95 s; k; n\OT1/cmr/m/n/10.95 )\OML/cmm/m/it/10.95 ; []\OT1/cmr/m/n/10.95 (\OML/cmm/m/it/10.95 s; k; n\OT1/cmr/m/n/10.95 ))$\TU/lmroman10-regular.otf(0)/m/it/10.95 . 
 []


LaTeX Warning: Reference `definition:hiop-hvzk' on page 1 undefined on input line 10297.


LaTeX Warning: Reference `definition:preprocessing-narg-adaptive-zk-with-cnf' on page 1 undefined on input line 10301.


LaTeX Warning: Reference `lemma:mt-privacy' on page 1 undefined on input line 10308.


LaTeX Warning: Reference `definition:hiop-hvzk' on page 1 undefined on input line 10321.




Package fontspec Info: 
(fontspec)             lmsans10-regular scale = .95.


Package fontspec Info: 
(fontspec)             lmsans10-regular scale = 1.

[151]


Package fontspec Info: 
(fontspec)             lmsans10-regular scale = .95.


Package fontspec Info: 
(fontspec)             lmsans10-regular scale = 1.

[152]
chapter without number

LaTeX Warning: Reference `lemma:cm-multi-extractability' on page 1 undefined on input line 10472.


LaTeX Warning: Reference `lemma:cm-hiding' on page 1 undefined on input line 10473.


LaTeX Warning: Reference `lemma:mt-binding' on page 1 undefined on input line 10482.


LaTeX Warning: Reference `lemma:mt-extractability' on page 1 undefined on input line 10483.


LaTeX Warning: Reference `lemma:mt-multi-extractability' on page 1 undefined on input line 10484.


LaTeX Warning: Reference `lemma:mt-root-hiding' on page 1 undefined on input line 10485.


LaTeX Warning: Reference `lemma:mt-other-binding' on page 1 undefined on input line 10494.


LaTeX Warning: Reference `lemma:mt-multi-configuration-multi-extractability' on page 1 undefined on input line 10496.


LaTeX Warning: Reference `lemma:mt-privacy' on page 1 undefined on input line 10497.




Package fontspec Info: 
(fontspec)             lmsans10-regular scale = 1.

[153



]
LaTeX Font Info:    Font shape `JY3/LXGWWenKaiScreen(0)/b/n' will be
(Font)              scaled to size 6.73553pt on input line 10527.
LaTeX Font Info:    Font shape `JY3/LXGWWenKaiScreen(0)/b/n' will be
(Font)              scaled to size 4.8111pt on input line 10527.


LaTeX Warning: Reference `theorem:ibcs-adaptive-soundness' on page 1 undefined on input line 10531.




Package fontspec Info: 
(fontspec)             lmsans10-regular scale = .95.


Package fontspec Info: 
(fontspec)             lmsans10-regular scale = 1.

[154]
LaTeX Font Info:    Font shape `JY3/LXGWWenKaiScreen(0)/b/n' will be
(Font)              scaled to size 8.65997pt on input line 10561.
LaTeX Font Info:    Font shape `JT3/LXGWWenKaiScreen(0)/b/n' will be
(Font)              scaled to size 8.65997pt on input line 10566.


LaTeX Warning: Reference `construction:slow-fs-for-public-coin-ip' on page 1 undefined on input line 10566.


LaTeX Warning: Reference `theorem:slow-fs-for-public-coin-ip' on page 1 undefined on input line 10567.


LaTeX Warning: Reference `theorem:slow-fs-knowledge-soundness' on page 1 undefined on input line 10568.


LaTeX Warning: Reference `theorem:bcs-soundness' on page 1 undefined on input line 10597.


LaTeX Warning: Reference `def:iop-round-by-round-knowledge' on page 1 undefined on input line 10633.


LaTeX Warning: Reference `claim:rbr-knowledge-to-knowledge' on page 1 undefined on input line 10634.




Package fontspec Info: 
(fontspec)             lmsans10-regular scale = .95.


Package fontspec Info: 
(fontspec)             lmsans10-regular scale = 1.

[155]
Package tocbasic Info: character protrusion at lof deactivated on input line 10685.
 (./snargs-book-zh.lof)
\tf@lof=\write6

\openout6 = snargs-book-zh.lof



Package fontspec Info: 
(fontspec)             lmsans10-regular scale = 1.

[156


]
Package tocbasic Info: character protrusion at lot deactivated on input line 10686.
 (./snargs-book-zh.lot)
\tf@lot=\write7

\openout7 = snargs-book-zh.lot



Package fontspec Info: 
(fontspec)             lmsans10-regular scale = 1.

[157

]
chapter without number

LaTeX Warning: Reference `section:narg-basics' on page 1 undefined on input line 10696.


LaTeX Warning: Reference `section:arg-succinctness' on page 1 undefined on input line 10699.


LaTeX Warning: Reference `chapter:argument-definitions' on page 1 undefined on input line 10733.


Package hyperref Warning: Token not allowed in a PDF string (Unicode):
(hyperref)                removing `\new@ifnextchar' on input line 10733.




Package fontspec Info: 
(fontspec)             lmsans10-regular scale = 1.

[158

]


Package fontspec Info: 
(fontspec)             lmsans10-regular scale = .95.


Package fontspec Info: 
(fontspec)             lmsans10-regular scale = 1.

[159]
chapter without number

LaTeX Warning: Reference `chapter:fast-fs-for-ip' on page 1 undefined on input line 10777.


LaTeX Warning: Reference `chapter:argument-definitions' on page 1 undefined on input line 10784.




Package fontspec Info: 
(fontspec)             lmsans10-regular scale = 1.

[160

]


Package fontspec Info: 
(fontspec)             lmsans10-regular scale = .95.


Package fontspec Info: 
(fontspec)             lmsans10-regular scale = 1.

[161]
chapter without number
LaTeX Font Info:    Kanji font shape `JY3/LXGWWenKaiScreen(0)/m/sc' undefined
(Font)              No change on input line 10814.
LaTeX Font Info:    Kanji font shape `JY3/LXGWWenKaiScreen(0)/m/sc' undefined
(Font)              No change on input line 10814.
LaTeX Font Info:    Kanji font shape `JY3/LXGWWenKaiScreen(0)/m/sc' undefined
(Font)              No change on input line 10814.
LaTeX Font Info:    Kanji font shape `JY3/LXGWWenKaiScreen(0)/m/sc' undefined
(Font)              No change on input line 10814.
LaTeX Font Info:    Kanji font shape `JY3/LXGWWenKaiScreen(0)/m/sc' undefined
(Font)              No change on input line 10814.
LaTeX Font Info:    Kanji font shape `JY3/LXGWWenKaiScreen(0)/m/sc' undefined
(Font)              No change on input line 10814.
LaTeX Font Info:    Kanji font shape `JY3/LXGWWenKaiScreen(0)/m/sc' undefined
(Font)              No change on input line 10814.
LaTeX Font Info:    Kanji font shape `JY3/LXGWWenKaiScreen(0)/m/sc' undefined
(Font)              No change on input line 10814.



Package fontspec Info: 
(fontspec)             lmsans10-regular scale = 1.

[162


]
LaTeX Font Info:    Kanji font shape `JY3/LXGWWenKaiScreen(0)/m/sc' undefined
(Font)              No change on input line 10814.
LaTeX Font Info:    Kanji font shape `JY3/LXGWWenKaiScreen(0)/m/sc' undefined
(Font)              No change on input line 10814.
LaTeX Font Info:    Kanji font shape `JY3/LXGWWenKaiScreen(0)/m/sc' undefined
(Font)              No change on input line 10814.
LaTeX Font Info:    Kanji font shape `JY3/LXGWWenKaiScreen(0)/m/sc' undefined
(Font)              No change on input line 10814.
LaTeX Font Info:    Kanji font shape `JY3/LXGWWenKaiScreen(0)/m/sc' undefined
(Font)              No change on input line 10814.
LaTeX Font Info:    Kanji font shape `JY3/LXGWWenKaiScreen(0)/m/sc' undefined
(Font)              No change on input line 10814.
LaTeX Font Info:    Kanji font shape `JY3/LXGWWenKaiScreen(0)/m/sc' undefined
(Font)              No change on input line 10814.
LaTeX Font Info:    Kanji font shape `JY3/LXGWWenKaiScreen(0)/m/sc' undefined
(Font)              No change on input line 10814.



Package fontspec Info: 
(fontspec)             lmsans10-regular scale = .95.


Package fontspec Info: 
(fontspec)             lmsans10-regular scale = 1.

[163]
LaTeX Font Info:    Kanji font shape `JY3/LXGWWenKaiScreen(0)/m/sc' undefined
(Font)              No change on input line 10814.
LaTeX Font Info:    Kanji font shape `JY3/LXGWWenKaiScreen(0)/m/sc' undefined
(Font)              No change on input line 10814.
LaTeX Font Info:    Kanji font shape `JY3/LXGWWenKaiScreen(0)/m/sc' undefined
(Font)              No change on input line 10814.
LaTeX Font Info:    Kanji font shape `JY3/LXGWWenKaiScreen(0)/m/sc' undefined
(Font)              No change on input line 10814.
LaTeX Font Info:    Kanji font shape `JY3/LXGWWenKaiScreen(0)/m/sc' undefined
(Font)              No change on input line 10814.
LaTeX Font Info:    Kanji font shape `JY3/LXGWWenKaiScreen(0)/m/sc' undefined
(Font)              No change on input line 10814.
LaTeX Font Info:    Kanji font shape `JY3/LXGWWenKaiScreen(0)/m/sc' undefined
(Font)              No change on input line 10814.
LaTeX Font Info:    Kanji font shape `JY3/LXGWWenKaiScreen(0)/m/sc' undefined
(Font)              No change on input line 10814.



Package fontspec Info: 
(fontspec)             lmsans10-regular scale = .95.


Package fontspec Info: 
(fontspec)             lmsans10-regular scale = 1.

[164]
LaTeX Font Info:    Kanji font shape `JY3/LXGWWenKaiScreen(0)/m/sc' undefined
(Font)              No change on input line 10814.
LaTeX Font Info:    Kanji font shape `JY3/LXGWWenKaiScreen(0)/m/sc' undefined
(Font)              No change on input line 10814.
LaTeX Font Info:    Kanji font shape `JY3/LXGWWenKaiScreen(0)/m/sc' undefined
(Font)              No change on input line 10814.
LaTeX Font Info:    Kanji font shape `JY3/LXGWWenKaiScreen(0)/m/sc' undefined
(Font)              No change on input line 10814.
LaTeX Font Info:    Kanji font shape `JY3/LXGWWenKaiScreen(0)/m/sc' undefined
(Font)              No change on input line 10814.
LaTeX Font Info:    Kanji font shape `JY3/LXGWWenKaiScreen(0)/m/sc' undefined
(Font)              No change on input line 10814.
LaTeX Font Info:    Kanji font shape `JY3/LXGWWenKaiScreen(0)/m/sc' undefined
(Font)              No change on input line 10814.
LaTeX Font Info:    Kanji font shape `JY3/LXGWWenKaiScreen(0)/m/sc' undefined
(Font)              No change on input line 10814.



Package fontspec Info: 
(fontspec)             lmsans10-regular scale = .95.


Package fontspec Info: 
(fontspec)             lmsans10-regular scale = 1.

[165]
LaTeX Font Info:    Kanji font shape `JY3/LXGWWenKaiScreen(0)/m/sc' undefined
(Font)              No change on input line 10814.
LaTeX Font Info:    Kanji font shape `JY3/LXGWWenKaiScreen(0)/m/sc' undefined
(Font)              No change on input line 10814.
LaTeX Font Info:    Kanji font shape `JY3/LXGWWenKaiScreen(0)/m/sc' undefined
(Font)              No change on input line 10814.
LaTeX Font Info:    Kanji font shape `JY3/LXGWWenKaiScreen(0)/m/sc' undefined
(Font)              No change on input line 10814.
LaTeX Font Info:    Kanji font shape `JY3/LXGWWenKaiScreen(0)/m/sc' undefined
(Font)              No change on input line 10814.
LaTeX Font Info:    Kanji font shape `JY3/LXGWWenKaiScreen(0)/m/sc' undefined
(Font)              No change on input line 10814.
LaTeX Font Info:    Kanji font shape `JY3/LXGWWenKaiScreen(0)/m/sc' undefined
(Font)              No change on input line 10814.
LaTeX Font Info:    Kanji font shape `JY3/LXGWWenKaiScreen(0)/m/sc' undefined
(Font)              No change on input line 10814.



Package fontspec Info: 
(fontspec)             lmsans10-regular scale = .95.


Package fontspec Info: 
(fontspec)             lmsans10-regular scale = 1.

[166]
LaTeX Font Info:    Kanji font shape `JY3/LXGWWenKaiScreen(0)/m/sc' undefined
(Font)              No change on input line 10814.
LaTeX Font Info:    Kanji font shape `JY3/LXGWWenKaiScreen(0)/m/sc' undefined
(Font)              No change on input line 10814.
LaTeX Font Info:    Kanji font shape `JY3/LXGWWenKaiScreen(0)/m/sc' undefined
(Font)              No change on input line 10814.
LaTeX Font Info:    Kanji font shape `JY3/LXGWWenKaiScreen(0)/m/sc' undefined
(Font)              No change on input line 10814.
LaTeX Font Info:    Kanji font shape `JY3/LXGWWenKaiScreen(0)/m/sc' undefined
(Font)              No change on input line 10814.
LaTeX Font Info:    Kanji font shape `JY3/LXGWWenKaiScreen(0)/m/sc' undefined
(Font)              No change on input line 10814.
LaTeX Font Info:    Kanji font shape `JY3/LXGWWenKaiScreen(0)/m/sc' undefined
(Font)              No change on input line 10814.
LaTeX Font Info:    Kanji font shape `JY3/LXGWWenKaiScreen(0)/m/sc' undefined
(Font)              No change on input line 10814.
LaTeX Font Info:    Kanji font shape `JY3/LXGWWenKaiScreen(0)/m/sc' undefined
(Font)              No change on input line 10814.



Package fontspec Info: 
(fontspec)             lmsans10-regular scale = .95.


Package fontspec Info: 
(fontspec)             lmsans10-regular scale = 1.

[167]
LaTeX Font Info:    Kanji font shape `JY3/LXGWWenKaiScreen(0)/m/sc' undefined
(Font)              No change on input line 10814.
LaTeX Font Info:    Kanji font shape `JY3/LXGWWenKaiScreen(0)/m/sc' undefined
(Font)              No change on input line 10814.
LaTeX Font Info:    Kanji font shape `JY3/LXGWWenKaiScreen(0)/m/sc' undefined
(Font)              No change on input line 10814.
LaTeX Font Info:    Kanji font shape `JY3/LXGWWenKaiScreen(0)/m/sc' undefined
(Font)              No change on input line 10814.
LaTeX Font Info:    Kanji font shape `JY3/LXGWWenKaiScreen(0)/m/sc' undefined
(Font)              No change on input line 10814.
LaTeX Font Info:    Kanji font shape `JY3/LXGWWenKaiScreen(0)/m/sc' undefined
(Font)              No change on input line 10814.
LaTeX Font Info:    Kanji font shape `JY3/LXGWWenKaiScreen(0)/m/sc' undefined
(Font)              No change on input line 10814.
LaTeX Font Info:    Kanji font shape `JY3/LXGWWenKaiScreen(0)/m/sc' undefined
(Font)              No change on input line 10814.



Package fontspec Info: 
(fontspec)             lmsans10-regular scale = .95.


Package fontspec Info: 
(fontspec)             lmsans10-regular scale = 1.

[168]
LaTeX Font Info:    Kanji font shape `JY3/LXGWWenKaiScreen(0)/m/sc' undefined
(Font)              No change on input line 10814.
LaTeX Font Info:    Kanji font shape `JY3/LXGWWenKaiScreen(0)/m/sc' undefined
(Font)              No change on input line 10814.
LaTeX Font Info:    Kanji font shape `JY3/LXGWWenKaiScreen(0)/m/sc' undefined
(Font)              No change on input line 10814.
LaTeX Font Info:    Kanji font shape `JY3/LXGWWenKaiScreen(0)/m/sc' undefined
(Font)              No change on input line 10814.
LaTeX Font Info:    Kanji font shape `JY3/LXGWWenKaiScreen(0)/m/sc' undefined
(Font)              No change on input line 10814.
LaTeX Font Info:    Kanji font shape `JY3/LXGWWenKaiScreen(0)/m/sc' undefined
(Font)              No change on input line 10814.
LaTeX Font Info:    Kanji font shape `JY3/LXGWWenKaiScreen(0)/m/sc' undefined
(Font)              No change on input line 10814.
LaTeX Font Info:    Kanji font shape `JY3/LXGWWenKaiScreen(0)/m/sc' undefined
(Font)              No change on input line 10814.



Package fontspec Info: 
(fontspec)             lmsans10-regular scale = .95.


Package fontspec Info: 
(fontspec)             lmsans10-regular scale = 1.

[169]
LaTeX Font Info:    Kanji font shape `JY3/LXGWWenKaiScreen(0)/m/sc' undefined
(Font)              No change on input line 10814.
LaTeX Font Info:    Kanji font shape `JY3/LXGWWenKaiScreen(0)/m/sc' undefined
(Font)              No change on input line 10814.
LaTeX Font Info:    Kanji font shape `JY3/LXGWWenKaiScreen(0)/m/sc' undefined
(Font)              No change on input line 10814.
LaTeX Font Info:    Kanji font shape `JY3/LXGWWenKaiScreen(0)/m/sc' undefined
(Font)              No change on input line 10814.
LaTeX Font Info:    Kanji font shape `JY3/LXGWWenKaiScreen(0)/m/sc' undefined
(Font)              No change on input line 10814.
LaTeX Font Info:    Kanji font shape `JY3/LXGWWenKaiScreen(0)/m/sc' undefined
(Font)              No change on input line 10814.



Package fontspec Info: 
(fontspec)             lmsans10-regular scale = .95.


Package fontspec Info: 
(fontspec)             lmsans10-regular scale = 1.

(/usr/local/texlive/2025/texmf-dist/tex/generic/stringenc/se-utf32be.def
File: se-utf32be.def 2019/11/29 v1.12 stringenc: UTF-32BE
) (/usr/local/texlive/2025/texmf-dist/tex/generic/stringenc/se-pdfdoc.def
File: se-pdfdoc.def 2019/11/29 v1.12 stringenc: PDFDocEncoding
) [170] (./snargs-book-zh.aux)
 ***********
LaTeX2e <2024-11-01> patch level 2
L3 programming layer <2020/03/25>
 ***********


LaTeX Font Warning: Some font shapes were not available, defaults substituted.


LaTeX Warning: There were undefined references.


LaTeX Warning: There were multiply-defined labels.

Package logreq Info: Writing requests to 'snargs-book-zh.run.xml'.

\openout1 = snargs-book-zh.run.xml
)

Here is how much of LuaTeX's memory you used:
 59574 strings out of 475506
 381547,2848258 words of node,token memory allocated
 43398 words of node memory still in use:
   12 hlist, 2 vlist, 7 rule, 1 local_par, 28 glue, 4 kern, 2 penalty, 4 sub_mlist, 3 glyph, 19474 attribute, 104 glue_spec, 1637 attribute_list, 2 write, 14 user_defined, 13 pdf_action nodes
   avail lists: 1:55,2:70336,3:1650,4:1337,5:788,6:362,7:7549,8:255,9:3534,10:32,11:379,12:4
 79775 multiletter control sequences out of 65536+600000
 293 fonts using 245463655 bytes
 122i,30n,168p,10909b,4014s stack positions out of 10000i,1000n,20000p,200000b,200000s
<./fonts/lmromancaps10-regular.otf><</Users/kurtpan/Library/texlive/2025/texmf-var/fonts/pk/ljfour/public/bbm/bbm9.600pk>><</Users/kurtpan/Library/texlive/2025/texmf-var/fonts/pk/ljfour/public/bbm/bbm10.600pk>><</Users/kurtpan/Library/texlive/2025/texmf-var/fonts/pk/ljfour/public/bbm/bbm8.600pk>><./fonts/lmroman10-bolditalic.otf><</Users/kurtpan/Library/texlive/2025/texmf-var/fonts/pk/ljfour/public/bbm/bbm10.657pk>><./fonts/lmroman10-italic.otf></usr/local/texlive/2025/texmf-dist/fonts/opentype/public/lm/lmmono9-regular.otf></usr/local/texlive/2025/texmf-dist/fonts/opentype/public/lm/lmmono10-regular.otf><./fonts/lmroman10-bold.otf><./fonts/lmsans10-bold.otf><./fonts/lmroman10-regular.otf></Users/kurtpan/Library/Fonts/LXGWWenKaiScreen.ttf><./fonts/lmsans10-regular.otf></Users/kurtpan/Library/Fonts/LXGWWenKai-Regular.ttf></usr/local/texlive/2025/texmf-dist/fonts/type1/public/amsfonts/cm/cmex10.pfb></usr/local/texlive/2025/texmf-dist/fonts/type1/public/amsfonts/cm/cmmi10.pfb></usr/local/texlive/2025/texmf-dist/fonts/type1/public/amsfonts/cm/cmmi12.pfb></usr/local/texlive/2025/texmf-dist/fonts/type1/public/amsfonts/cm/cmmi5.pfb></usr/local/texlive/2025/texmf-dist/fonts/type1/public/amsfonts/cm/cmmi6.pfb></usr/local/texlive/2025/texmf-dist/fonts/type1/public/amsfonts/cm/cmmi7.pfb></usr/local/texlive/2025/texmf-dist/fonts/type1/public/amsfonts/cm/cmmi8.pfb></usr/local/texlive/2025/texmf-dist/fonts/type1/public/amsfonts/cm/cmmi9.pfb></usr/local/texlive/2025/texmf-dist/fonts/type1/public/amsfonts/cm/cmmib10.pfb></usr/local/texlive/2025/texmf-dist/fonts/type1/public/amsfonts/cmextra/cmmib8.pfb></usr/local/texlive/2025/texmf-dist/fonts/type1/public/amsfonts/cm/cmr10.pfb></usr/local/texlive/2025/texmf-dist/fonts/type1/public/amsfonts/cm/cmr12.pfb></usr/local/texlive/2025/texmf-dist/fonts/type1/public/amsfonts/cm/cmr17.pfb></usr/local/texlive/2025/texmf-dist/fonts/type1/public/amsfonts/cm/cmr5.pfb></usr/local/texlive/2025/texmf-dist/fonts/type1/public/amsfonts/cm/cmr6.pfb></usr/local/texlive/2025/texmf-dist/fonts/type1/publi
c/amsfonts/cm/cmr7.pfb></usr/local/texlive/2025/texmf-dist/fonts/type1/public/amsfonts/cm/cmr8.pfb></usr/local/texlive/2025/texmf-dist/fonts/type1/public/amsfonts/cm/cmr9.pfb></usr/local/texlive/2025/texmf-dist/fonts/type1/public/amsfonts/cm/cmsy10.pfb></usr/local/texlive/2025/texmf-dist/fonts/type1/public/amsfonts/cm/cmsy6.pfb></usr/local/texlive/2025/texmf-dist/fonts/type1/public/amsfonts/cm/cmsy7.pfb></usr/local/texlive/2025/texmf-dist/fonts/type1/public/amsfonts/cm/cmsy8.pfb></usr/local/texlive/2025/texmf-dist/fonts/type1/public/amsfonts/cm/cmsy9.pfb></usr/local/texlive/2025/texmf-dist/fonts/type1/public/amsfonts/euler/eufm10.pfb></usr/local/texlive/2025/texmf-dist/fonts/type1/public/amsfonts/symbols/msam10.pfb></usr/local/texlive/2025/texmf-dist/fonts/type1/public/amsfonts/symbols/msbm10.pfb>
Output written on snargs-book-zh.pdf (182 pages, 3788519 bytes).

PDF statistics: 4178 PDF objects out of 4296 (max. 8388607)
 2957 compressed objects within 30 object streams
 1401 named destinations out of 1440 (max. 131072)
 1349 words of extra memory for PDF output out of 10000 (max. 100000000)

